Code,Nom,DCI,Marque,Categorie,Forme,Prix Vente,Prix Achat,Rx,Quantite,Peremption
AUTO-01546,Amep 10g B/20,,,Non classé,Comprime,130000,0,Non,0,
AUTO-02215,Atogrel Plus,,,Non classé,Comprime,126000,0,Non,0,
AUTO-04367,Artiz Forte,,,Non classé,Comprime,40000,0,Non,0,
AUTO-07481,Brain active200 CP,,,Non classé,Comprime,277000,0,Non,0,
AUTO-13534,Biofar Vit C 500,,,Non classé,Comprime,64000,0,Non,0,
AUTO-14057,Andol vit C eff,,,Non classé,Comprime,20000,0,Non,0,
AUTO-17455,Azinex 500,,,Non classé,Comprime,70000,0,Non,0,
AUTO-18470,Acyclovir Denk 200,,,Non classé,Comprime,152000,0,Non,0,
AUTO-25449,Amloclass 5 mg,,,Non classé,Comprime,90000,0,Non,0,
AUTO-30900,Artiz DP,,,Non classé,Comprime,40000,0,Non,0,
AUTO-35861,Atorilator CP,,,Non classé,Comprime,90000,0,Non,0,
AUTO-45577,Allergine cp,,,Non classé,Comprime,78000,0,Non,0,
AUTO-46272,Aprilam,,,Non classé,Comprime,106000,0,Non,0,
AUTO-50156,Creadol plus CP,,,Non classé,Comprime,11000,0,Non,0,
AUTO-53745,Actinal 200 hp,,,Non classé,Comprime,63000,0,Non,0,
AUTO-59109,Azée 500 cp,,,Non classé,Comprime,60000,0,Non,0,
AUTO-59165,Advil Med 400 cp,,,Non classé,Comprime,38000,0,Non,0,
AUTO-63774,Batoxime 200 CP,,,Non classé,Comprime,110000,0,Non,0,
AUTO-70017,Atarax,,,Non classé,Comprime,39000,0,Non,0,
AUTO-72325,Atoflox plus,,,Non classé,Comprime,100000,0,Non,0,
AUTO-73308,Adna Fenu Grec,,,Non classé,Comprime,80000,0,Non,0,
AUTO-74928,Alvityl Tonus,,,Non classé,Comprime,90000,0,Non,0,
AUTO-77809,Biofar 12 Vit 12 Mineraux,,,Non classé,Comprime,80000,0,Non,0,
AUTO-80221,Aziral 500 cp,,,Non classé,Comprime,79000,0,Non,0,
AUTO-85413,Albensen 400 mg cp,,,Non classé,Comprime,10000,0,Non,0,
AUTO-86767,Alzol 400 mg,,,Non classé,Comprime,22000,0,Non,0,
AUTO-91346,Actinac 100 mg,,,Non classé,Comprime,43000,0,Non,0,
PARA0001,Sur-eau,,,Parapharmacie,,10000,0,Non,0,
PARA0013,Pampers Confy bébé 2,,,Parapharmacie,,75000,0,Non,0,
PARA0020,serviette hygienique Perfect Normal,,,Parapharmacie,,10000,0,Non,0,
PARA0021,serviette hygienique Perfect Super,,,Parapharmacie,,10000,0,Non,0,
PARA0022,Serviette hygienique Confy Long,,,Parapharmacie,,15000,0,Non,0,
PARA0026,Biberon only 60ml,,,Parapharmacie,,15000,0,Non,0,
PARA0030,Biberon Minitree 420ml,,,Parapharmacie,,40000,0,Non,0,
PARA0036,Biberon verre Douanière 120ml,,,Parapharmacie,,40000,0,Non,0,
PARA0040,Cerelac riz,,,Parapharmacie,,55000,0,Non,0,
PARA0041,Cerelac blé,,,Parapharmacie,,50000,0,Non,0,
PARA0042,Cerelac 3 fruits,,,Parapharmacie,,55000,0,Non,0,
PARA0048,Bledine blé,,,Parapharmacie,,40000,0,Non,0,
PARA0052,Bledine lactée,,,Parapharmacie,,40000,0,Non,0,
PN0001,Doliprane 1g cp/eff,,,Autre,Comprime,22000,0,Non,0,
PN0002,Doliprane 1g cp/sec,,,Autre,Comprime,18000,0,Non,0,
PN0003,Doliprane 500 mg cp/sec,,,Autre,Comprime,20000,0,Non,0,
PN0004,Doliprane Vitc cp/eff,,,Autre,Comprime,25000,0,Non,0,
PN0005,Aclop cp,,,Autre,Comprime,37000,0,Non,0,
PN0006,Actinac cp+,,,Autre,Comprime,48000,0,Non,0,
PN0007,Acumol cp,,,Autre,Comprime,70000,0,Non,0,
PN0008,Acofan cp,,,Autre,Comprime,0,0,Non,0,
PN0009,Acure cp 20/120,,,Autre,Comprime,24000,0,Non,0,
PN0010,Acure cp 40/240,,,Autre,Comprime,0,0,Non,0,
PN0011,Acure cp 60/360,,,Autre,Comprime,0,0,Non,0,
PN0012,Acure cp 80/480,,,Autre,Comprime,41000,0,Non,0,
PN0013,Aerius cp B/7,,,Autre,Comprime,52000,0,Non,0,
PN0014,Aerius cp B/15,,,Autre,Comprime,104000,0,Non,0,
PN0015,Adione cp B/10,,,Autre,Comprime,44000,0,Non,0,
PN0016,Adione cp B/30,,,Autre,Comprime,102500,0,Non,0,
PN0017,Airtal cp 100 mg,,,Autre,Comprime,0,0,Non,0,
PN0018,Alben cp 400 mg,,,Autre,Comprime,26000,0,Non,0,
PN0019,Alcer cp,,,Autre,Comprime,0,0,Non,0,
PN0020,Aldactone 75 cp,,,Autre,Comprime,0,0,Non,0,
PN0021,Aldomet 500 cp,,,Autre,Comprime,77000,0,Non,0,
PN0022,Alerid cp,,,Autre,Comprime,0,0,Non,0,
PN0023,Alfacure cp 20/120,,,Autre,Comprime,13000,0,Non,0,
PN0024,Alfacure cp 40/240,,,Autre,Comprime,26000,0,Non,0,
PN0025,Alfacure cp 80/480,,,Autre,Comprime,41000,0,Non,0,
PN0026,Allergal cp,,,Autre,Comprime,26000,0,Non,0,
PN0027,Amoxidel cp 500 mg,,,Autre,Comprime,32000,0,Non,0,
PN0028,Alvityl cp,,,Autre,Comprime,0,0,Non,0,
PN0029,Amarel 2 mg cp,,,Autre,Comprime,0,0,Non,0,
PN0030,Amaday 5 mg cp,,,Autre,Comprime,65000,0,Non,0,
PN0031,Amaday 10 mg cp,,,Autre,Comprime,104000,0,Non,0,
PN0032,Amaday PL 5/8 cp,,,Autre,Comprime,156000,0,Non,0,
PN0033,Amaday PL 10/4 cp,,,Autre,Comprime,0,0,Non,0,
PN0034,Amaday PL 10/8 cp,,,Autre,Comprime,168000,0,Non,0,
PN0035,Amep 5 mg cp,,,Autre,Comprime,45000,0,Non,0,
PN0036,Amep 10 mg cp,,,Autre,Comprime,63000,0,Non,0,
PN0037,Amical 10 mg cp,,,Autre,Comprime,0,0,Non,0,
PN0038,Amlodip 10 mg cp,,,Autre,Comprime,57000,0,Non,0,
PN0039,Amlodipine 10 mg BGR cp,,,Autre,Comprime,85000,0,Non,0,
PN0040,Amlodip 5 mg cp,,,Autre,Comprime,44000,0,Non,0,
PN0041,Amlodipine 10 mg GH cp,,,Autre,Comprime,83000,0,Non,0,
PN0042,Amloclass 10 mg cp,,,Autre,Comprime,60000,0,Non,0,
PN0043,Amloperin 5/5 cp,,,Autre,Comprime,0,0,Non,0,
PN0044,Amloperin 10/5 cp,,,Autre,Comprime,208000,0,Non,0,
PN0045,Amloperin 10/10 cp,,,Autre,Comprime,231000,0,Non,0,
PN0046,Amlotensine 10 mg cp,,,Autre,Comprime,0,0,Non,0,
PN0047,Amoxi denk 1g cp,,,Autre,Comprime,47000,0,Non,0,
PN0048,Amoxi denk 500 mg cp,,,Autre,Comprime,43000,0,Non,0,
PN0049,Amoxiclav 500 mg cp Denk,,,Autre,Comprime,81000,0,Non,0,
PN0050,Andol 500 mg cp,,,Autre,Comprime,17000,0,Non,0,
PN0051,Andol 1 g cp,,,Autre,Comprime,18000,0,Non,0,
PN0052,Antadys cp,,,Autre,Comprime,54000,0,Non,0,
PN0053,Antalgex T cp,,,Autre,Comprime,0,0,Non,0,
PN0054,Amtiba cp,,,Autre,Comprime,0,0,Non,0,
PN0055,Apramol 500 mg cp/eff,,,Autre,Comprime,22000,0,Non,0,
PN0056,Apramol 1g cp/eff,,,Autre,Comprime,21000,0,Non,0,
PN0057,Albentel cp 400mg,,,Autre,Comprime,9000,0,Non,0,
PN0058,Arthel plus cp,,,Autre,Comprime,0,0,Non,0,
PN0059,Artefan disp 20/120 cp,,,Autre,Comprime,14000,0,Non,0,
PN0060,Artefan 40/240 DT cp,,,Autre,Comprime,35000,0,Non,0,
PN0061,Artefan 40/240 sec cp,,,Autre,Comprime,0,0,Non,0,
PN0062,Artefan 60/360 cp,,,Autre,Comprime,55000,0,Non,0,
PN0063,Artefan 80/480 cp,,,Autre,Comprime,44000,0,Non,0,
PN0064,Aprilam 10/5 cp,,,Autre,Comprime,105000,0,Non,0,
PN0065,Artilex 40/240 cp,,,Autre,Comprime,35000,0,Non,0,
PN0066,Artilex 60/360 cp,,,Autre,Comprime,69000,0,Non,0,
PN0067,Artilex 80/480 cp,,,Autre,Comprime,44000,0,Non,0,
PN0068,Artrim GH cp 80/480,,,Autre,Comprime,26000,0,Non,0,
PN0069,Artiflex cp,,,Autre,Comprime,95000,0,Non,0,
PN0070,Astyfer cp,,,Autre,Comprime,0,0,Non,0,
PN0071,Aspirin UPSA cp,,,Autre,Comprime,49000,0,Non,0,
PN0072,Astaph 500mg B/12 cp,,,Autre,Comprime,127000,0,Non,0,
PN0073,Astaph 500mg B/24 cp,,,Autre,Comprime,0,0,Non,0,
PN0074,Atedapene cp,,,Autre,Comprime,0,0,Non,0,
PN0075,Atidine cp,,,Autre,Comprime,63000,0,Non,0,
PN0076,Atofan cp,,,Autre,Comprime,53000,0,Non,0,
PN0077,Atorcap 40 B/10 cp,,,Autre,Comprime,0,0,Non,0,
PN0078,Atorcap 40 B/20 cp,,,Autre,Comprime,0,0,Non,0,
PN0079,Atopir cp,,,Autre,Comprime,69000,0,Non,0,
PN0080,Atopar 1g LP cp B/10,,,Autre,Comprime,26000,0,Non,0,
PN0081,Atoflox 500mg cp,,,Autre,Comprime,69000,0,Non,0,
PN0082,Atogrel 75mg cp,,,Autre,Comprime,105000,0,Non,0,
PN0083,Atopril 10mg cp,,,Autre,Comprime,0,0,Non,0,
PN0084,Atorfit 20mg cp,,,Autre,Comprime,141000,0,Non,0,
PN0085,Atorfit 40mg cp,,,Autre,Comprime,160000,0,Non,0,
PN0086,Atostatine 40mg cp,,,Autre,Comprime,68000,0,Non,0,
PN0087,Atozidine 35mg cp,,,Autre,Comprime,74000,0,Non,0,
PN0088,Azicure 500mg cp,,,Autre,Comprime,93000,0,Non,0,
PN0089,Azythro GH 500mg cp,,,Autre,Comprime,90000,0,Non,0,
PN0090,Azit 500mg cp,,,Autre,Comprime,0,0,Non,0,
PN0091,Creazithro 500mg cp,,,Autre,Comprime,35000,0,Non,0,
PN0092,Aziocin 500 mg cp,,,Autre,Comprime,0,0,Non,0,
PN0093,Gripex 500mg cp,,,Autre,Comprime,0,0,Non,0,
PN0094,Bactrim Forte cp,,,Autre,Comprime,0,0,Non,0,
PN0095,Bactrim cp,,,Autre,Comprime,47000,0,Non,0,
PN0096,Beclav 62.5 cp,,,Autre,Comprime,93000,0,Non,0,
PN0097,Beclav Forte cp,,,Autre,Comprime,104000,0,Non,0,
PN0098,Bekracine 200mg cp,,,Autre,Comprime,104000,0,Non,0,
PN0099,Bekrazole 400mg cp,,,Autre,Comprime,17000,0,Non,0,
PN0100,Bendex 400mg cp,,,Autre,Comprime,12000,0,Non,0,
PN0101,Betalin cp,,,Autre,Comprime,41000,12000,Non,0,
PN0102,Bidongyl cp,,,Autre,Comprime,0,0,Non,0,
PN0103,Bimalaril plus cp,,,Autre,Comprime,60000,0,Non,0,
PN0104,Bimalaril AD cp,,,Autre,Comprime,39000,0,Non,0,
PN0105,Biofar Mg + Ca cp/eff,,,Autre,Comprime,60000,0,Non,0,
PN0106,Biofar Vit C cp/eff 1000,,,Autre,Comprime,64000,0,Non,0,
PN0107,Biofar Fer + Acide Folique cp,,,Autre,Comprime,0,0,Non,0,
PN0108,Biofar Multi-Vitamine cp,,,Autre,Comprime,80000,0,Non,0,
PN0109,Cac 1000mg cp,,,Autre,Comprime,33000,0,Non,0,
PN0110,Biodroxyl 500 mg cp,,,Autre,Comprime,94000,0,Non,0,
PN0111,Bibloc 10 mg cp,,,Autre,Comprime,82000,0,Non,0,
PN0112,Bibloc 5 mg cp,,,Autre,Comprime,0,0,Non,0,
PN0113,Bisoprolol GH 10 mg cp,,,Autre,Comprime,54000,0,Non,0,
PN0114,Biprofenid LP cp,,,Autre,Comprime,0,0,Non,0,
PN0115,Boncare plus cp,,,Autre,Comprime,0,0,Non,0,
PN0116,Brufen cp,,,Autre,Comprime,45000,0,Non,0,
PN0117,Boncipro 500 cp,,,Autre,Comprime,81000,0,Non,0,
PN0118,Boncipro 750 mg cp,,,Autre,Comprime,116000,0,Non,0,
PN0119,Brustan cp,,,Autre,Comprime,23000,0,Non,0,
PN0120,Bifosa 35 mg cp,,,Autre,Comprime,0,0,Non,0,
PN0121,Bifosa 70 mg cp,,,Autre,Comprime,0,0,Non,0,
PN0122,Boostex cp / eff,,,Autre,Comprime,0,0,Non,0,
PN0123,Ticosse 200 mg,,,Autre,Comprime,0,0,Non,0,
PN0124,Ticosse 400 mg,,,Autre,Comprime,0,0,Non,0,
PN0125,Calben 400 MG CP,,,Autre,Comprime,0,0,Non,6,
PN0126,Calcibronat cp,,,Autre,Comprime,0,0,Non,5,
PN0127,Calci D denk cp,,,Autre,Comprime,0,0,Non,5,
PN0128,Calcium active denk cp,,,Autre,Comprime,0,0,Non,4,
PN0129,Calsource cp,,,Autre,Comprime,0,0,Non,1,
PN0130,Calgin cp,,,Autre,Comprime,0,0,Non,6,
PN0131,Captopril 25mg cp B/20,,,Autre,Comprime,0,0,Non,3,
PN0132,Carben 500mg cp,,,Autre,Comprime,0,0,Non,2,
PN0133,Carben 100mg cp,,,Autre,Comprime,0,0,Non,10,
PN0134,Capen cp 25g B/30,,,Autre,Comprime,0,0,Non,3,
PN0135,Cardiurine cp,,,Autre,Comprime,0,0,Non,3,
PN0136,Cardix 6.25 cp,,,Autre,Comprime,0,0,Non,0,
PN0137,Cardiovalam GH cp,,,Autre,Comprime,0,0,Non,3,
PN0138,Colosar Denk 100/12.5 cp,,,Autre,Comprime,0,0,Non,10,
PN0139,Carvedi Denk 25mg cp,,,Autre,Comprime,0,0,Non,1,
PN0140,Carvedi Denk 6.25mg cp,,,Autre,Comprime,0,0,Non,0,
PN0141,Cataflam 25mg cp,,,Autre,Comprime,0,0,Non,2,
PN0142,Cataflam 50mg cp,,,Autre,Comprime,0,0,Non,1,
PN0143,Cefaloral 100mg cp,,,Autre,Comprime,0,0,Non,2,
PN0144,Cefaloral 200mg cp,,,Autre,Comprime,0,0,Non,3,
PN0145,Cefixidel cp 200g cp,,,Autre,Comprime,0,0,Non,2,
PN0146,Cenazol 500mg cp,,,Autre,Comprime,0,0,Non,1,
PN0147,Cenazol 250mg cp,,,Autre,Comprime,0,0,Non,5,
PN0148,Cetamyl 500mg cp,,,Autre,Comprime,0,0,Non,5,
PN0149,Cetamyl 1g cp,,,Autre,Comprime,0,0,Non,3,
PN0150,Celestene 2mg cp,,,Autre,Comprime,0,0,Non,0,
PN0151,Cefixim 200mg BGR cp,,,Autre,Comprime,0,0,Non,3,
PN0152,Ceficap 400mg cp,,,Autre,Comprime,0,0,Non,1,
PN0153,Chophytol cp,,,Autre,Comprime,0,0,Non,0,
PN0154,Cefim 200mg cp,,,Autre,Comprime,0,0,Non,2,
PN0155,Cefim 400 mg cp,,,Autre,Comprime,0,0,Non,1,
PN0156,Chondroflex cp,,,Autre,Comprime,0,0,Non,3,
PN0157,Chondrosteo cp,,,Autre,Comprime,0,0,Non,1,
PN0158,Chondrogen cp,,,Autre,Comprime,0,0,Non,2,
PN0159,Cinabac cp,,,Autre,Comprime,0,0,Non,0,
PN0160,Ciprolex TZ cp,,,Autre,Comprime,0,0,Non,2,
PN0161,Cipotax cp,,,Autre,Comprime,0,0,Non,3,
PN0162,Cipro Denk 500mg cp,,,Autre,Comprime,0,0,Non,4,
PN0163,Cipro Denk 750mg cp,,,Autre,Comprime,0,0,Non,2,
PN0164,Cipromed TZ cp,,,Autre,Comprime,0,0,Non,3,
PN0165,Cipromed cp,,,Autre,Comprime,0,0,Non,2,
PN0166,Cipronat 500mg cp,,,Autre,Comprime,0,0,Non,2,
PN0167,Cipronat 750mg cp,,,Autre,Comprime,0,0,Non,3,
PN0168,Ciptin Forte cp,,,Autre,Comprime,0,0,Non,0,
PN0169,Caplin ciptin cp,,,Autre,Comprime,0,0,Non,0,
PN0170,Citrate de Betaïne cp,,,Autre,Comprime,0,0,Non,0,
PN0171,Clamoxyl 500mg cp,,,Autre,Comprime,0,0,Non,15,
PN0172,Clamoxyl 1g cp,,,Autre,Comprime,0,0,Non,3,
PN0173,Clariton cp,,,Autre,Comprime,0,0,Non,0,
PN0174,Clariva cp,,,Autre,Comprime,0,0,Non,2,
PN0175,Clartec cp 10mg cp,,,Autre,Comprime,0,0,Non,3,
PN0176,Clavumocid 500mg cp,,,Autre,Comprime,0,0,Non,0,
PN0177,Clavumocid 1g cp,,,Autre,Comprime,0,0,Non,1,
PN0178,Cloace cp,,,Autre,Comprime,0,0,Non,1,
PN0179,Clomiflex cp 50g q,,,Autre,Comprime,0,0,Non,3,
PN0180,Clomilen cp 50mg cp,,,Autre,Comprime,0,0,Non,0,
PN0181,Co Arinate Adulte cp,,,Autre,Comprime,0,0,Non,3,
PN0182,Co Arinate Junior cp,,,Autre,Comprime,0,0,Non,4,
PN0183,Coartem B/12 20/120 cp,,,Autre,Comprime,0,0,Non,6,
PN0184,Coartem B/6 20/120 cp,,,Autre,Comprime,0,0,Non,6,
PN0185,Coartem 80mg cp,,,Autre,Comprime,0,0,Non,6,
PN0186,Co-Doliprane cp,,,Autre,Comprime,0,0,Non,5,
PN0187,Cofantrine Adulte cp,,,Autre,Comprime,0,0,Non,8,
PN0188,Cofantrine 20/120 disp cp,,,Autre,Comprime,0,0,Non,5,
PN0189,Colchimax cp,,,Autre,Comprime,0,0,Non,0,
PN0190,Colchicine cp,,,Autre,Comprime,0,0,Non,0,
PN0191,Curam 1g cp,,,Autre,Comprime,0,0,Non,0,
PN0192,Curam 500mg cp,,,Autre,Comprime,0,0,Non,0,
PN0193,Combifrinil cp,,,Autre,Comprime,0,0,Non,12,
PN0194,Daflon 500mg cp,,,Autre,Comprime,0,0,Non,2,
PN0195,Daflon 1g cp,,,Autre,Comprime,0,0,Non,4,
PN0196,Coveram 5/5mg cp,,,Autre,Comprime,0,0,Non,1,
PN0197,Coveram 10/10mg cp,,,Autre,Comprime,0,0,Non,1,
PN0198,Coveram 5/10mg cp,,,Autre,Comprime,0,0,Non,0,
PN0199,Cordarone cp 200g cp,,,Autre,Comprime,0,0,Non,0,
PN0200,Defnil cp p50/500,,,Autre,Comprime,0,0,Non,2,
PN0201,Denk Air cp,,,Autre,Comprime,0,0,Non,1,
PN0202,Dafrazol B/14 cp,,,Autre,Comprime,0,0,Non,1,
PN0203,Cupid cp 50g q,,,Autre,Comprime,0,0,Non,0,
PN0204,Curtec cp 10mg cp,,,Autre,Comprime,0,0,Non,1,
PN0205,Depakine 500mg cp,,,Autre,Comprime,0,0,Non,0,
PN0206,Depakine chrono cp,,,Autre,Comprime,0,0,Non,0,
PN0207,Diantalex cp,,,Autre,Comprime,0,0,Non,8,
PN0208,Diflamex cp 50mg q,,,Autre,Comprime,0,0,Non,0,
PN0209,Diflucan cp 150mg,,,Autre,Comprime,0,0,Non,0,
PN0210,Dycinone cp 500mg,,,Autre,Comprime,0,0,Non,1,
PN0211,Daonil cp 5mg,,,Autre,Comprime,0,0,Non,0,
PN0212,Difrarel E cp,,,Autre,Comprime,0,0,Non,0,
PN0213,Dislep cp 25g,,,Autre,Comprime,0,0,Non,0,
PN0214,Diclomax cp LP/100g cp,,,Autre,Comprime,0,0,Non,2,
PN0215,Diamox cp,,,Autre,Comprime,0,0,Non,1,
PN0216,Dynapar cp B/20,,,Autre,Comprime,0,0,Non,1,
PN0217,Distem cp,,,Autre,Comprime,0,0,Non,3,
PN0218,Dolamine cp,,,Autre,Comprime,0,0,Non,3,
PN0219,Dolex SR 75mg cp,,,Autre,Comprime,0,0,Non,1,
PN0220,Dolotren cp 100g cp,,,Autre,Comprime,0,0,Non,0,
PN0221,Dolimex 1g cp,,,Autre,Comprime,0,0,Non,20,
PN0222,Dolimex 500mg cp,,,Autre,Comprime,0,0,Non,12,
PN0223,Dolimex migraine cp,,,Autre,Comprime,0,0,Non,4,
PN0224,Dontomycine 1M.U.I cp,,,Autre,Comprime,0,0,Non,2,
PN0225,Dontomycine 3M.U.I cp,,,Autre,Comprime,0,0,Non,3,
PN0226,Doxy Denk 100mg cp,,,Autre,Comprime,0,0,Non,4,
PN0227,Doxy Denk 200mg cp,,,Autre,Comprime,0,0,Non,6,
PN0228,Doxy Exphar 200mg cp,,,Autre,Comprime,0,0,Non,1,
PN0229,Duo-cotecxin cp,,,Autre,Comprime,0,0,Non,1,
PN0230,Duphaston 10mg B/10 cp,,,Autre,Comprime,0,0,Non,4,
PN0231,Duphaston 10mg B/20 cp,,,Autre,Comprime,0,0,Non,4,
PN0232,Duspatalin cp 200mg cp,,,Autre,Comprime,0,0,Non,3,
PN0233,Entamizol 500mg cp,,,Autre,Comprime,0,0,Non,2,
PN0234,Entamizol DS 500mg cp,,,Autre,Comprime,0,0,Non,3,
PN0235,Ery 500mg cp,,,Autre,Comprime,0,0,Non,0,
PN0236,Efferalgan 500mg cp/eff,,,Autre,Comprime,0,0,Non,7,
PN0237,Efferalgan Codeïne cp/eff,,,Autre,Comprime,0,0,Non,0,
PN0238,Efferalgan Vit C cp/eff,,,Autre,Comprime,0,0,Non,4,
PN0239,Efferalgan 1g cp/eff,,,Autre,Comprime,0,0,Non,5,
PN0240,Efferalgan gel,,,Autre,Comprime,0,0,Non,0,
PN0241,Efferalgan 500mg cp/plus,,,Autre,Comprime,0,0,Non,0,
PN0242,Effercal cp,,,Autre,Comprime,0,0,Non,2,
PN0243,Etorex 90 cp,,,Autre,Comprime,0,0,Non,3,
PN0244,Etorex 120 cp,,,Autre,Comprime,0,0,Non,4,
PN0245,Esomed 40mg cp,,,Autre,Comprime,0,0,Non,1,
PN0246,Exxib cp 10g cp,,,Autre,Comprime,0,0,Non,0,
PN0247,Feldene cp,,,Autre,Comprime,0,0,Non,0,
PN0248,Fedate cp,,,Autre,Comprime,0,0,Non,2,
PN0249,Fansidar cp,,,Autre,Comprime,0,0,Non,0,
PN0250,Fertilo Forte cp,,,Autre,Comprime,0,0,Non,1,
PN0251,Flex pro Extra cp,,,Autre,Comprime,0,0,Non,0,
PN0252,Fludex LP cp,,,Autre,Comprime,0,0,Non,1,
PN0253,Fixim 200mg cp,,,Autre,Comprime,0,0,Non,1,
PN0254,Fixim 400mg cp,,,Autre,Comprime,0,0,Non,1,
PN0255,Femigeston 100mg cp,,,Autre,Comprime,0,0,Non,0,
PN0256,Femigeston 200mg cp,,,Autre,Comprime,0,0,Non,1,
PN0257,Fercefol cp,,,Autre,Comprime,0,0,Non,0,
PN0258,Ferrex Forte cp,,,Autre,Comprime,0,0,Non,1,
PN0259,Ferfoltone cp,,,Autre,Comprime,0,0,Non,14,
PN0260,Fertab 50 cp,,,Autre,Comprime,0,0,Non,1,
PN0261,Finanemie cp,,,Autre,Comprime,0,0,Non,1,
PN0262,Fezomin C cp,,,Autre,Comprime,0,0,Non,3,
PN0263,Flagyl 250mg cp B/20,,,Autre,Comprime,0,0,Non,4,
PN0264,Flagyl 500mg cp,,,Autre,Comprime,0,0,Non,0,
PN0265,Fleming 1g cp,,,Autre,Comprime,0,0,Non,2,
PN0266,Filazol cp 400g cp,,,Autre,Comprime,0,0,Non,15,
PN0267,Flatoril cp,,,Autre,Comprime,0,0,Non,1,
PN0268,Flotac 75 cp,,,Autre,Comprime,0,0,Non,1,
PN0269,Flucap cp,,,Autre,Comprime,0,0,Non,0,
PN0270,Fluna Denk 150mg cp,,,Autre,Comprime,0,0,Non,0,
PN0271,Flucazol TZ cp,,,Autre,Comprime,0,0,Non,0,
PN0272,Flucogen cp 500g cp,,,Autre,Comprime,0,0,Non,0,
PN0273,Flox oz cp,,,Autre,Comprime,0,0,Non,3,
PN0274,Flex Nor cp,,,Autre,Comprime,0,0,Non,0,
PN0275,Flucomyc cp 150 mg,,,Autre,Comprime,0,0,Non,0,
PN0276,Fluxol cp,,,Autre,Comprime,0,0,Non,2,
PN0277,Fuclo 500mg cp,,,Autre,Comprime,0,0,Non,2,
PN0278,Forcan cp 150mg,,,Autre,Comprime,0,0,Non,3,
PN0279,Fumafer cp,,,Autre,Comprime,0,0,Non,1,
PN0280,Fluvermal cp,,,Autre,Comprime,0,0,Non,4,
PN0281,Fortaline plus cp,,,Autre,Comprime,0,0,Non,0,
PN0282,Flexdol cp,,,Autre,Comprime,0,0,Non,3,
PN0283,Fizaclav 1g cp,,,Autre,Comprime,0,0,Non,1,
PN0284,Decontractyl cp,,,Autre,Comprime,0,0,Non,0,
PN0285,Jafazot 20g,,,Autre,Comprime,0,0,Non,0,
PN0286,Gastrozol D cp,,,Autre,Comprime,0,0,Non,5,
PN0287,Gastrozol cp,,,Autre,Comprime,0,0,Non,0,
PN0288,Gamalate B6 cp,,,Autre,Comprime,0,0,Non,4,
PN0289,Generve P cp,,,Autre,Comprime,0,0,Non,0,
PN0290,Gagnerve BT cp,,,Autre,Comprime,0,0,Non,1,
PN0291,Gestrokit cp,,,Autre,Comprime,0,0,Non,0,
PN0292,Gastrokit plus cp,,,Autre,Comprime,0,0,Non,1,
PN0293,Genset cp,,,Autre,Comprime,0,0,Non,3,
PN0294,Genes Vit cp,,,Autre,Comprime,0,0,Non,0,
PN0295,Genes Grossesse cp,,,Autre,Comprime,0,0,Non,1,
PN0296,Gestane cp,,,Autre,Comprime,0,0,Non,3,
PN0297,Genes Vit mult-vitamine cp,,,Autre,Comprime,0,0,Non,2,
PN0298,Glimeperide Denk cp,,,Autre,Comprime,0,0,Non,3,
PN0299,Ginkor cp,,,Autre,Comprime,0,0,Non,0,
PN0300,Guncipro Forte cp,,,Autre,Comprime,0,0,Non,6,
PN0301,Gynopen cp,,,Autre,Comprime,0,0,Non,2,
PN0302,Glucophage 500mg cp,,,Autre,Comprime,0,0,Non,5,
PN0303,Glucophage 850mg cp,,,Autre,Comprime,0,0,Non,0,
PN0304,Glucovance 500mg cp,,,Autre,Comprime,0,0,Non,0,
PN0305,Glucovance 1000mg cp,,,Autre,Comprime,0,0,Non,0,
PN0306,Glyferon 850mg cp,,,Autre,Comprime,0,0,Non,1,
PN0307,Glyferon 1000mg cp,,,Autre,Comprime,0,0,Non,0,
PN0308,Gynecline 200 cp,,,Autre,Comprime,0,0,Non,3,
PN0309,Gynospan cp,,,Autre,Comprime,0,0,Non,0,
PN0310,Haemup cp,,,Autre,Comprime,0,0,Non,1,
PN0311,Helminthox 250mg cp,,,Autre,Comprime,0,0,Non,0,
PN0312,Hemafer cp/eff,,,Autre,Comprime,0,0,Non,4,
PN0313,Hemafer fol eff cp,,,Autre,Comprime,0,0,Non,5,
PN0314,Hemafer ccp/crocquer,,,Autre,Comprime,0,0,Non,6,
PN0315,Hemafer fol cp/crocquer,,,Autre,Comprime,0,0,Non,0,
PN0316,Helicocin cp,,,Autre,Comprime,0,0,Non,0,
PN0317,Ibumol cp,,,Autre,Comprime,0,0,Non,6,
PN0318,Isolone 5mg cp,,,Autre,Comprime,0,0,Non,1,
PN0319,Isolone 20mg cp,,,Autre,Comprime,0,0,Non,1,
PN0320,Inflacam cp,,,Autre,Comprime,0,0,Non,1,
PN0321,Ibuprofene 400mg BGR cp,,,Autre,Comprime,0,0,Non,0,
PN0322,Imodium cp,,,Autre,Comprime,0,0,Non,7,
PN0323,Ideos cp,,,Autre,Comprime,0,0,Non,0,
PN0324,Imox cp,,,Autre,Comprime,0,0,Non,9,
PN0325,Ibex cp,,,Autre,Comprime,0,0,Non,10,
PN0326,Ibuprofene Denk 600mg cp,,,Autre,Comprime,0,0,Non,0,
PN0327,Inercef 100 cp,,,Autre,Comprime,0,0,Non,0,
PN0328,Intercef 200 cp,,,Autre,Comprime,0,0,Non,1,
PN0329,Imuclav 1g cp,,,Autre,Comprime,0,0,Non,0,
PN0330,Joint Active cp,,,Autre,Comprime,0,0,Non,1,
PN0331,Joyclav 1g cp,,,Autre,Comprime,0,0,Non,0,
PN0332,Jespere 50mg cp,,,Autre,Comprime,0,0,Non,2,
PN0333,Ketoprofen GH 100mg cp,,,Autre,Comprime,0,0,Non,0,
PN0334,Ketoprofen LP 100mg cp,,,Autre,Comprime,0,0,Non,0,
PN0335,Kinafon cp,,,Autre,Comprime,0,0,Non,0,
PN0336,Kilmol cp,,,Autre,Comprime,0,0,Non,1,
PN0337,Kinal Codeïne cp,,,Autre,Comprime,0,0,Non,0,
PN0338,Kaleorid CP 600mg cp,,,Autre,Comprime,0,0,Non,0,
PN0339,Klipal 300mg cp,,,Autre,Comprime,0,0,Non,14,
PN0340,Klipal 600mg cp,,,Autre,Comprime,0,0,Non,10,
PN0341,Lansocap cp,,,Autre,Comprime,0,0,Non,0,
PN0342,Laritem 20/120 cp,,,Autre,Comprime,0,0,Non,1,
PN0343,Laritem 40/240 cp,,,Autre,Comprime,0,0,Non,2,
PN0344,Laritem 80/480 cp,,,Autre,Comprime,0,0,Non,2,
PN0345,Laroscorbine B/10 cp,,,Autre,Comprime,0,0,Non,0,
PN0346,Laroscorbine B/30 cp,,,Autre,Comprime,0,0,Non,0,
PN0347,Lasilix 40mg cp,,,Autre,Comprime,0,0,Non,1,
PN0348,Lerin cp,,,Autre,Comprime,0,0,Non,1,
PN0349,Libertex cp,,,Autre,Comprime,0,0,Non,10,
PN0350,Lodoz 5/6.25mg cp,,,Autre,Comprime,0,0,Non,0,
PN0351,Lodoz 10/6.25mg cp,,,Autre,Comprime,0,0,Non,1,
PN0352,Lolip 10mg cp,,,Autre,Comprime,0,0,Non,0,
PN0353,Lufamet DS cp,,,Autre,Comprime,0,0,Non,2,
PN0354,Lutenyl 5mg cp,,,Autre,Comprime,0,0,Non,0,
PN0355,Lumiter DS cp,,,Autre,Comprime,0,0,Non,3,
PN0356,Lufanter 40mg B/12 cp,,,Autre,Comprime,0,0,Non,1,
PN0357,Lufanter disp 20/120mg cp,,,Autre,Comprime,0,0,Non,0,
PN0358,Lyso 6 cp,,,Autre,Comprime,0,0,Non,1,
PN0359,Meteoxane cp,,,Autre,Comprime,0,0,Non,0,
PN0360,Melex cp,,,Autre,Comprime,0,0,Non,2,
PN0361,Metformine 500mg BGR cp,,,Autre,Comprime,0,0,Non,4,
PN0362,Metformine 850mg BGR cp,,,Autre,Comprime,0,0,Non,4,
PN0363,Metformine 1000mg BGR cp,,,Autre,Comprime,0,0,Non,3,
PN0364,Metformine Denk 500mg cp,,,Autre,Comprime,0,0,Non,2,
PN0365,Metformine Denk 850mg cp,,,Autre,Comprime,0,0,Non,6,
PN0366,Metformine Denk 1000mg cp,,,Autre,Comprime,0,0,Non,2,
PN0367,Meteospasmyl cp,,,Autre,Comprime,0,0,Non,3,
PN0368,Macromax cp,,,Autre,Comprime,0,0,Non,1,
PN0369,Malacure 20/120 B/6 cp,,,Autre,Comprime,0,0,Non,0,
PN0370,Malacure 40/360 B/12 cp,,,Autre,Comprime,0,0,Non,0,
PN0371,Malacure 40/320 B/9 cp,,,Autre,Comprime,0,0,Non,0,
PN0372,Magnesium Marin Forte cp,,,Autre,Comprime,0,0,Non,1,
PN0373,Migretil cp,,,Autre,Comprime,0,0,Non,2,
PN0374,Myocalm cp,,,Autre,Comprime,0,0,Non,3,
PN0375,Misodia cp,,,Autre,Comprime,0,0,Non,5,
PN0376,Neurodol cp,,,Autre,Comprime,0,0,Non,0,
PN0377,Naturex pastille cp,,,Autre,Comprime,0,0,Non,0,
PN0378,Natrixam 1.5/5mg cp,,,Autre,Comprime,0,0,Non,0,
PN0379,Natrixam 1.5/10mg cp,,,Autre,Comprime,0,0,Non,1,
PN0380,Nauselium cp,,,Autre,Comprime,0,0,Non,3,
PN0381,Neurocobal cp,,,Autre,Comprime,0,0,Non,10,
PN0382,Neural 150mg cp,,,Autre,Comprime,0,0,Non,0,
PN0383,Neural 75mg cp,,,Autre,Comprime,0,0,Non,2,
PN0384,Nidazol 250mg cp,,,Autre,Comprime,0,0,Non,5,
PN0385,Nidazol 500mg cp,,,Autre,Comprime,0,0,Non,2,
PN0386,Neurobion cp,,,Autre,Comprime,0,0,Non,1,
PN0387,Neagyl 80mg cp,,,Autre,Comprime,0,0,Non,0,
PN0388,Nifluril cp,,,Autre,Comprime,0,0,Non,3,
PN0389,Nucleo CMP forte cp,,,Autre,Comprime,0,0,Non,2,
PN0390,Norfen 400mg cp,,,Autre,Comprime,0,0,Non,2,
PN0391,Norflozole cp,,,Autre,Comprime,0,0,Non,2,
PN0392,Norlevo cp,,,Autre,Comprime,0,0,Non,7,
PN0393,Neurogil 75mg cp,,,Autre,Comprime,0,0,Non,1,
PN0394,Nortens forte cp,,,Autre,Comprime,0,0,Non,3,
PN0395,Nortens plus cp,,,Autre,Comprime,0,0,Non,3,
PN0396,Nospa 40mg cp,,,Autre,Comprime,0,0,Non,2,
PN0397,Novalgin cp,,,Autre,Comprime,0,0,Non,2,
PN0398,Omiz B/14 cp,,,Autre,Comprime,0,0,Non,1,
PN0399,Omiz B/28 cp,,,Autre,Comprime,0,0,Non,2,
PN0400,Oflocine cp,,,Autre,Comprime,0,0,Non,0,
PN0401,Oflocet 200mg cp,,,Autre,Comprime,0,0,Non,3,
PN0402,Oflomac 200mg cp,,,Autre,Comprime,0,0,Non,1,
PN0403,Oflomac 400mg cp,,,Autre,Comprime,0,0,Non,1,
PN0404,Oflor cp,,,Autre,Comprime,0,0,Non,3,
PN0405,Omeprazol BGR B/14 cp,,,Autre,Comprime,0,0,Non,3,
PN0406,Omeprazol BGR B/28 cp,,,Autre,Comprime,0,0,Non,2,
PN0407,Oroperydis cp,,,Autre,Comprime,0,0,Non,4,
PN0408,Oedes B/14 cp,,,Autre,Comprime,0,0,Non,2,
PN0409,Oedes B/28 cp,,,Autre,Comprime,0,0,Non,1,
PN0410,Ospen 1M.U.I cp,,,Autre,Comprime,0,0,Non,7,
PN0411,Oramid cp,,,Autre,Comprime,0,0,Non,6,
PN0412,Ospamox 500mg cp,,,Autre,Comprime,0,0,Non,0,
PN0413,Ospamox 1g cp,,,Autre,Comprime,0,0,Non,2,
PN0414,Oxyboldine cp,,,Autre,Comprime,0,0,Non,3,
PN0415,Ocuguard cp,,,Autre,Comprime,0,0,Non,0,
PN0416,Oziben 100mg cp,,,Autre,Comprime,0,0,Non,0,
PN0417,Oziben 500mg cp,,,Autre,Comprime,0,0,Non,0,
PN0418,Palumil Adulte cp,,,Autre,Comprime,0,0,Non,2,
PN0419,Palucure 20/120 cp,,,Autre,Comprime,0,0,Non,0,
PN0420,Palacure 40/240 cp,,,Autre,Comprime,0,0,Non,0,
PN0421,Papofer cp,,,Autre,Comprime,0,0,Non,2,
PN0422,Prazol B/14 cp,,,Autre,Comprime,0,0,Non,1,
PN0423,Prazol B/28 cp,,,Autre,Comprime,0,0,Non,1,
PN0424,Panto Denk 20mg cp,,,Autre,Comprime,0,0,Non,3,
PN0425,Panto Denk 40mg cp,,,Autre,Comprime,0,0,Non,2,
PN0426,Panadol Advance cp,,,Autre,Comprime,0,0,Non,11,
PN0427,Panadol Extra cp,,,Autre,Comprime,0,0,Non,0,
PN0428,Panalgic cp,,,Autre,Comprime,0,0,Non,1,
PN0429,Caplin Painex B/10mg cp,,,Autre,Comprime,0,0,Non,3,
PN0430,Caplin Painex B/30mg cp,,,Autre,Comprime,0,0,Non,0,
PN0431,Paraco Denk cp,,,Autre,Comprime,0,0,Non,6,
PN0432,Pidex cp,,,Autre,Comprime,0,0,Non,0,
PN0433,Pill 72 cp,,,Autre,Comprime,0,0,Non,5,
PN0434,Perispasm cp,,,Autre,Comprime,0,0,Non,0,
PN0435,Phenergan cp,,,Autre,Comprime,0,0,Non,20,
PN0436,Preventacare F cp,,,Autre,Comprime,0,0,Non,0,
PN0437,Plencoxib 200mg cp,,,Autre,Comprime,0,0,Non,1,
PN0438,Predni 20mg cp,,,Autre,Comprime,0,0,Non,6,
PN0439,Prenatal Denk cp,,,Autre,Comprime,0,0,Non,1,
PN0440,Prenatal + DHA cp,,,Autre,Comprime,0,0,Non,1,
PN0441,Principe B fort cp,,,Autre,Comprime,0,0,Non,0,
PN0442,Profiz forte cp,,,Autre,Comprime,0,0,Non,0,
PN0443,Primalan 10mg cp,,,Autre,Comprime,0,0,Non,0,
PN0444,Primalan 5mg cp,,,Autre,Comprime,0,0,Non,3,
PN0445,Plufentrine 80mg cp,,,Autre,Comprime,0,0,Non,2,
PN0446,Profenil cp,,,Autre,Comprime,0,0,Non,0,
PN0447,Protec pill cp,,,Autre,Comprime,0,0,Non,4,
PN0448,Propofan cp,,,Autre,Comprime,0,0,Non,2,
PN0449,Profenol cp,,,Autre,Comprime,0,0,Non,1,
PN0450,Prokefen 100 mg cp,,,Autre,Comprime,0,0,Non,0,
PN0451,Quinex 300mg cp,,,Autre,Comprime,0,0,Non,0,
PN0452,Neurgab 150,,,Autre,Comprime,0,0,Non,0,
PN0453,Plaucure 80/,,,Autre,Comprime,0,0,Non,0,
PN0454,Rabeloc cp,,,Autre,Comprime,0,0,Non,0,
PN0455,Ramithiazide 10/12.5mg cp,,,Autre,Comprime,0,0,Non,0,
PN0456,Ramithiazide10/25mg cp,,,Autre,Comprime,0,0,Non,0,
PN0457,Ramithiazide 5/12.5mg cp,,,Autre,Comprime,0,0,Non,0,
PN0458,Ranferon cp,,,Autre,Comprime,0,0,Non,0,
PN0459,Rapiclav 1g cp,,,Autre,Comprime,0,0,Non,0,
PN0460,Regulix 10mg cp,,,Autre,Comprime,0,0,Non,0,
PN0461,Regulix 80 mg,,,Autre,Comprime,0,0,Non,0,
PN0462,Rejuvenex cp,,,Autre,Comprime,0,0,Non,0,
PN0463,Renerve P cp,,,Autre,Comprime,0,0,Non,0,
PN0464,Renerve Plus cp,,,Autre,Comprime,0,0,Non,0,
PN0465,Restriva cp,,,Autre,Comprime,0,0,Non,0,
PN0466,Ribatran cp,,,Autre,Comprime,0,0,Non,0,
PN0467,Richfer cp,,,Autre,Comprime,0,0,Non,0,
PN0468,Rinialer cp,,,Autre,Comprime,0,0,Non,0,
PN0469,R lume 40mg cp,,,Autre,Comprime,0,0,Non,0,
PN0470,R lume 80mg cp,,,Autre,Comprime,0,0,Non,0,
PN0471,Roipar 1g cp,,,Autre,Comprime,0,0,Non,0,
PN0472,Roipar 500mg cp,,,Autre,Comprime,0,0,Non,0,
PN0473,Roipar plus cp,,,Autre,Comprime,0,0,Non,0,
PN0474,Rhumadol cp,,,Autre,Comprime,0,0,Non,0,
PN0475,Stopadol cp,,,Autre,Comprime,0,0,Non,0,
PN0476,Rovamycine 3M.U.I cp,,,Autre,Comprime,0,0,Non,0,
PN0477,Rovamycine 1M.U.I cp,,,Autre,Comprime,0,0,Non,0,
PN0478,Runn P cp,,,Autre,Comprime,0,0,Non,0,
PN0479,Rox-mycin cp,,,Autre,Comprime,0,0,Non,0,
PN0480,Safex cp,,,Autre,Comprime,0,0,Non,0,
PN0481,Sekalgic cp,,,Autre,Comprime,0,0,Non,0,
PN0482,Sedaspir cp,,,Autre,Comprime,0,0,Non,0,
PN0483,Sidenafil BGR 100mg cp,,,Autre,Comprime,0,0,Non,0,
PN0484,Sitrus SR cp,,,Autre,Comprime,0,0,Non,0,
PN0485,Spasfon cp,,,Autre,Comprime,0,0,Non,0,
PN0486,Spasmarix 40mg cp,,,Autre,Comprime,0,0,Non,0,
PN0487,Spasmarix 80mg cp,,,Autre,Comprime,0,0,Non,0,
PN0488,Spasmo-apotel cp,,,Autre,Comprime,0,0,Non,0,
PN0489,Spasmocalm cp,,,Autre,Comprime,0,0,Non,0,
PN0490,Spasmosyl cp,,,Autre,Comprime,0,0,Non,0,
PN0491,Spasmotroy 40mg cp,,,Autre,Comprime,0,0,Non,0,
PN0492,Spasmotroy 80mg cp,,,Autre,Comprime,0,0,Non,0,
PN0493,Shibudal cp,,,Autre,Comprime,0,0,Non,0,
PN0494,stresam cp,,,Autre,Comprime,0,0,Non,0,
PN0495,Sufix 200mg cp,,,Autre,Comprime,0,0,Non,0,
PN0496,Sufix 400mg cp,,,Autre,Comprime,0,0,Non,0,
PN0497,Sulfobactam 250mg cp,,,Autre,Comprime,0,0,Non,0,
PN0498,Sulfobactam 500mg cp,,,Autre,Comprime,0,0,Non,0,
PN0499,Surgam 100mg cp,,,Autre,Comprime,0,0,Non,0,
PN0500,Surgam 200mg cp,,,Autre,Comprime,0,0,Non,0,
PN0501,Tanakan cp,,,Autre,Comprime,0,0,Non,0,
PN0502,Tanganil cp,,,Autre,Comprime,0,0,Non,0,
PN0503,Tardyferon 80mg cp,,,Autre,Comprime,0,0,Non,0,
PN0504,Tardyferon B/9 cp,,,Autre,Comprime,0,0,Non,0,
PN0505,T-dol Rapid cp,,,Autre,Comprime,0,0,Non,0,
PN0506,T-dol P Rapid cp,,,Autre,Comprime,0,0,Non,0,
PN0507,Tegretol 200mg cp,,,Autre,Comprime,0,0,Non,0,
PN0508,Tegretol LP 200mg cp,,,Autre,Comprime,0,0,Non,0,
PN0509,Tegretol LP 400mg cp,,,Autre,Comprime,0,0,Non,0,
PN0510,Tensiodip 5mg cp,,,Autre,Comprime,0,0,Non,0,
PN0511,Tensiodip 10mg cp,,,Autre,Comprime,0,0,Non,0,
PN0512,Ticasse 500mg cp,,,Autre,Comprime,0,0,Non,0,
PN0513,Ticasse 1g cp,,,Autre,Comprime,0,0,Non,0,
PN0514,Tensionorme cp,,,Autre,Comprime,0,0,Non,0,
PN0515,T-fer cp,,,Autre,Comprime,0,0,Non,0,
PN0516,Thiobactin 500mg cp,,,Autre,Comprime,0,0,Non,0,
PN0517,Tinazol cp,,,Autre,Comprime,0,0,Non,0,
PN0518,Toco 500mg cp,,,Autre,Comprime,0,0,Non,0,
PN0519,Tocfim 200mg DT cp,,,Autre,Comprime,0,0,Non,0,
PN0520,Traclav 1g cp,,,Autre,Comprime,0,0,Non,0,
PN0521,Top-3 kit cp,,,Autre,Comprime,0,0,Non,0,
PN0522,Tracedol cp,,,Autre,Comprime,0,0,Non,0,
PN0523,Tramadol 50mg cp,,,Autre,Comprime,0,0,Non,0,
PN0524,Tremadol cp,,,Autre,Comprime,0,0,Non,0,
PN0525,Tricef 400mg cp,,,Autre,Comprime,0,0,Non,0,
PN0526,Triafene cp,,,Autre,Comprime,0,0,Non,0,
PN0527,Trialgic cp,,,Autre,Comprime,0,0,Non,0,
PN0528,Troycal cp,,,Autre,Comprime,0,0,Non,0,
PN0529,Trifene 200mg cp,,,Autre,Comprime,0,0,Non,0,
PN0530,Trifene 400mg cp,,,Autre,Comprime,0,0,Non,0,
PN0531,Triazide 5/25mg cp,,,Autre,Comprime,0,0,Non,0,
PN0532,Triazide 10/12.5mg cp,,,Autre,Comprime,0,0,Non,0,
PN0533,Triazide 10/25mg cp,,,Autre,Comprime,0,0,Non,0,
PN0534,Vitamine C Upsa cp,,,Autre,Comprime,0,0,Non,0,
PN0535,Vik vit C cp,,,Autre,Comprime,0,0,Non,0,
PN0536,Utrogestan 100mg cp,,,Autre,Comprime,0,0,Non,0,
PN0537,Utrogestan 200mg cp,,,Autre,Comprime,0,0,Non,0,
PN0538,Urbanyl 10mg cp,,,Autre,Comprime,0,0,Non,0,
PN0539,Vastarel 35mg cp,,,Autre,Comprime,0,0,Non,0,
PN0540,Vermox 100mg cp,,,Autre,Comprime,0,0,Non,0,
PN0541,Vermox 500mg cp,,,Autre,Comprime,0,0,Non,0,
PN0542,Verrex 500mg cp,,,Autre,Comprime,0,0,Non,0,
PN0543,Verzol 500mg cp,,,Autre,Comprime,0,0,Non,0,
PN0544,Vicombil cp,,,Autre,Comprime,0,0,Non,0,
PN0545,Vitamine C Galenica B/10 cp,,,Autre,Comprime,0,0,Non,0,
PN0546,Vitamine C Galenica B/20 cp,,,Autre,Comprime,0,0,Non,0,
PN0547,Vivagest cp,,,Autre,Comprime,0,0,Non,0,
PN0548,Visceralgine cp,,,Autre,Comprime,0,0,Non,0,
PN0549,Versino cp,,,Autre,Comprime,0,0,Non,0,
PN0550,Vitafact cp,,,Autre,Comprime,0,0,Non,0,
PN0551,Vitamine E forte cp,,,Autre,Comprime,0,0,Non,0,
PN0552,Voltarene 5mg cp,,,Autre,Comprime,0,0,Non,0,
PN0553,Wormin 500mg cp,,,Autre,Comprime,0,0,Non,0,
PN0554,Wormin 100mg cp,,,Autre,Comprime,0,0,Non,0,
PN0555,Xykaa 500mg cp,,,Autre,Comprime,0,0,Non,0,
PN0556,Xykaa 1g cp,,,Autre,Comprime,0,0,Non,0,
PN0557,Xerin cp,,,Autre,Comprime,0,0,Non,0,
PN0558,X-flux cp,,,Autre,Comprime,0,0,Non,0,
PN0559,Zamudol LP 100mg cp,,,Autre,Comprime,0,0,Non,0,
PN0560,Zentel 400mg cp,,,Autre,Comprime,0,0,Non,0,
PN0561,Zerodol P cp,,,Autre,Comprime,0,0,Non,0,
PN0562,Zerodol CR cp,,,Autre,Comprime,0,0,Non,0,
PN0563,Zyloric 100mg cp,,,Autre,Comprime,0,0,Non,0,
PN0564,Zyloric 200mg cp,,,Autre,Comprime,0,0,Non,0,
PN0565,Zyloric 300mg cp,,,Autre,Comprime,0,0,Non,0,
PN0566,Zocin cp,,,Autre,Comprime,0,0,Non,0,
PN0567,Aclav 1g B/12 Sh,,,Autre,Comprime,0,0,Non,0,
PN0568,Aclav 1g B/16 Sh,,,Autre,Comprime,0,0,Non,0,
PN0569,Aclav 500mg B/12 Sh,,,Autre,Comprime,0,0,Non,0,
PN0570,Aclav 500mg B/16 Sh,,,Autre,Comprime,0,0,Non,0,
PN0571,Alfamox 1g Sh,,,Autre,Comprime,0,0,Non,0,
PN0572,Alfamox 500mg Sh,,,Autre,Comprime,0,0,Non,0,
PN0573,Almax Forte Sh,,,Autre,Comprime,0,0,Non,0,
PN0574,Amfocin Sh 1g,,,Autre,Comprime,0,0,Non,0,
PN0575,Amoxiclav 1g Sh B/8,,,Autre,Comprime,0,0,Non,0,
PN0576,Amoxiclav 1g Sh B/12,,,Autre,Comprime,0,0,Non,0,
PN0577,Aspegic 100mg Sh,,,Autre,Comprime,0,0,Non,0,
PN0578,Aspegic 250mg Sh,,,Autre,Comprime,0,0,Non,0,
PN0579,Aspegic 500mg Sh,,,Autre,Comprime,0,0,Non,0,
PN0580,Aspegic 1000mg Sh,,,Autre,Comprime,0,0,Non,0,
PN0581,Azithro 100mg Sh,,,Autre,Comprime,0,0,Non,0,
PN0582,Azithro 200mg Sh,,,Autre,Comprime,0,0,Non,0,
PN0583,Cefixidel 100mg Sh,,,Autre,Comprime,0,0,Non,0,
PN0584,Creaclav 1g Sh,,,Autre,Comprime,0,0,Non,0,
PN0585,Bedelix Sh,,,Autre,Comprime,0,0,Non,0,
PN0586,Biotic plus B/14 Sh,,,Autre,Comprime,0,0,Non,0,
PN0587,Biotic plus B/24 Sh,,,Autre,Comprime,0,0,Non,0,
PN0588,Curam 1g B/12 Sh,,,Autre,Comprime,0,0,Non,0,
PN0589,Curam 1g B/24 Sh,,,Autre,Comprime,0,0,Non,0,
PN0590,Dolimex 200mg Sh,,,Autre,Comprime,0,0,Non,0,
PN0591,Dolimex 300mg Sh,,,Autre,Comprime,0,0,Non,0,
PN0592,Dolimex 500mg Sh,,,Autre,Comprime,0,0,Non,0,
PN0593,Dolimex 1g Sh,,,Autre,Comprime,0,0,Non,0,
PN0594,Doliprane 200mg Sh,,,Autre,Comprime,0,0,Non,0,
PN0595,Doliprane 300mg Sh,,,Autre,Comprime,0,0,Non,0,
PN0596,Efferalgan 500mg Sh,,,Autre,Comprime,0,0,Non,0,
PN0597,Fortans Sh,,,Autre,Comprime,0,0,Non,0,
PN0598,Duphalac Sh,,,Autre,Comprime,0,0,Non,0,
PN0599,Electrolyte Sh,,,Autre,Comprime,0,0,Non,0,
PN0600,Exomuc Sh,,,Autre,Comprime,0,0,Non,0,
PN0601,Fervex enf Sh,,,Autre,Comprime,0,0,Non,0,
PN0602,Fervex A/D Sh,,,Autre,Comprime,0,0,Non,0,
PN0603,Forlax B/10 Sh,,,Autre,Comprime,0,0,Non,0,
PN0604,Forlax B/20 Sh,,,Autre,Comprime,0,0,Non,0,
PN0605,Gaviscon Sh,,,Autre,Comprime,0,0,Non,0,
PN0606,Genclav 250mg Sh,,,Autre,Comprime,0,0,Non,0,
PN0607,Genclav 500mg Sh,,,Autre,Comprime,0,0,Non,0,
PN0608,Genclav 1g Sh,,,Autre,Comprime,0,0,Non,0,
PN0609,Immu C Sh,,,Autre,Comprime,0,0,Non,0,
PN0610,Immu Active Denk Sh,,,Autre,Comprime,0,0,Non,0,
PN0611,Kardegic 75mg Sh,,,Autre,Comprime,0,0,Non,0,
PN0612,Kardegic 160mg Sh,,,Autre,Comprime,0,0,Non,0,
PN0613,Lufanter 80 Sh,,,Autre,Comprime,0,0,Non,0,
PN0614,Mucomyst Sh,,,Autre,Comprime,0,0,Non,0,
PN0615,Maalox Sh,,,Autre,Comprime,0,0,Non,0,
PN0616,Magnes Active Denk Sh,,,Autre,Comprime,0,0,Non,0,
PN0617,Pepsane Sh,,,Autre,Comprime,0,0,Non,0,
PN0618,Peptex Sh,,,Autre,Comprime,0,0,Non,0,
PN0619,Rapidex Sh,,,Autre,Comprime,0,0,Non,0,
PN0620,Recharge Active Sh,,,Autre,Comprime,0,0,Non,0,
PN0621,Rinomicine Sh,,,Autre,Comprime,0,0,Non,0,
PN0622,Rinogrip Sh,,,Autre,Comprime,0,0,Non,0,
PN0623,Rhumadol ped Sh,,,Autre,Comprime,0,0,Non,0,
PN0624,S R O Zinc Sh,,,Autre,Comprime,0,0,Non,0,
PN0625,Saphir 1g B/12 Sh,,,Autre,Comprime,0,0,Non,0,
PN0626,Saphir 500mg Sh,,,Autre,Comprime,0,0,Non,0,
PN0627,Diosmectite Sh,,,Autre,Comprime,0,0,Non,0,
PN0628,Smecta B/10 Sh,,,Autre,Comprime,0,0,Non,0,
PN0629,Smecta B/20 Sh,,,Autre,Comprime,0,0,Non,0,
PN0630,Tiorfan enf Sh,,,Autre,Comprime,0,0,Non,0,
PN0631,Tributine Sh,,,Autre,Comprime,0,0,Non,0,
PN0632,Trebon 300 Sh,,,Autre,Comprime,0,0,Non,0,
PN0633,Trebon 600 Sh,,,Autre,Comprime,0,0,Non,0,
PN0634,Zamox 500mg Sh,,,Autre,Comprime,0,0,Non,0,
PN0635,Zamox 1g Sh B/12,,,Autre,Comprime,0,0,Non,0,
PN0636,Zamox 1g Sh B/16,,,Autre,Comprime,0,0,Non,0,
PN0637,Trofocard Max Sh,,,Autre,Comprime,0,0,Non,0,
PN0638,Ulcar 1g Sh,,,Autre,Comprime,0,0,Non,0,
PN0639,Vitamax Caffé B/10 Sh,,,Autre,Comprime,0,0,Non,0,
PN0640,Vitamax Miel B/10 Sh,,,Autre,Comprime,0,0,Non,0,
PN0641,Bioherb Sucré (Dr Secret) B/8 Sh,,,Autre,Comprime,0,0,Non,0,
PN0642,Bioherb Sans Sucre (Dr Secret) B/8 Sh,,,Autre,Comprime,0,0,Non,0,
PN0643,Dynamogene Amp/Buv,,,Autre,Comprime,0,0,Non,0,
PN0644,Mag 2 Amp/Buv,,,Autre,Comprime,0,0,Non,0,
PN0645,Magnoral Amp/Buv,,,Autre,Comprime,0,0,Non,0,
PN0646,Maximag Amp/Buv,,,Autre,Comprime,0,0,Non,0,
PN0647,Potenciator Amp/Buv,,,Autre,Comprime,0,0,Non,0,
PN0648,Revitalose A/B Amp/Buv,,,Autre,Comprime,0,0,Non,0,
PN0649,Rocmaline Amp/Buv,,,Autre,Comprime,0,0,Non,0,
PN0650,Sargenor C Amp/Buv,,,Autre,Comprime,0,0,Non,0,
PN0651,Stimol Amp/Buv,,,Autre,Comprime,0,0,Non,0,
PN0652,Tothema Amp/Buv,,,Autre,Comprime,0,0,Non,0,
PN0653,S R O Sh,,,Autre,Comprime,0,0,Non,0,
PN0654,Ac. Foliq creat B/100,,,Autre,Comprime,0,0,Non,0,
PN0655,Bora sipo pest,,,Autre,Comprime,0,0,Non,0,
PN0656,philco cipro pest,,,Autre,Comprime,0,0,Non,0,
PN0657,philco Metro pest,,,Autre,Comprime,0,0,Non,0,
PN0658,Metro udi 200 SB.,,,Autre,Comprime,0,0,Non,0,
PN0659,Medither inj B/6,,,Autre,Comprime,0,0,Non,0,
PN0660,Artesiane inj,,,Autre,Comprime,0,0,Non,4,
PN0661,"Atropine inj 0,5",,,Autre,Comprime,0,0,Non,0,
PN0662,Arthemeter Ubi inj B/10,,,Autre,Comprime,0,0,Non,0,
PN0663,Artesun 60 inj,,,Autre,Comprime,0,0,Non,13,
PN0664,Artesun 120 inj,,,Autre,Comprime,0,0,Non,14,
PN0665,Becozyme inj,,,Autre,Comprime,0,0,Non,0,
PN0666,Caplin Caprazole inj,,,Autre,Comprime,0,0,Non,10,
PN0667,Dipro inj,,,Autre,Comprime,0,0,Non,0,
PN0668,Diclo Denk 75mg inj,,,Autre,Comprime,0,0,Non,0,
PN0669,Ciplacef 1g inj,,,Autre,Comprime,0,0,Non,0,
PN0670,profenol 100mg inj,,,Autre,Comprime,0,0,Non,0,
PN0671,"dicacillile 1,2 inj",,,Autre,Comprime,0,0,Non,0,
PN0672,Dicacillile 2.4 inj,,,Autre,Comprime,0,0,Non,0,
PN0673,R-Lume inj,,,Autre,Comprime,0,0,Non,0,
PN0674,Dislep 25 inj,,,Autre,Comprime,0,0,Non,0,
PN0675,Diclofenac Ibu inj,,,Autre,Comprime,0,0,Non,239,
PN0676,Dycinone inj 250,,,Autre,Comprime,0,0,Non,17,
PN0677,Gastroject inj,,,Autre,Comprime,0,0,Non,3,
PN0678,Gynospan inj,,,Autre,Comprime,0,0,Non,0,
PN0679,lidocaine inj,,,Autre,Comprime,0,0,Non,0,
PN0680,Osikort 40mg inj,,,Autre,Comprime,0,0,Non,9,
PN0681,lerin inj,,,Autre,Comprime,0,0,Non,0,
PN0682,Felden inj,,,Autre,Comprime,0,0,Non,0,
PN0683,Prokefen inj,,,Autre,Comprime,0,0,Non,11,
PN0684,Cefezone inj 1g,,,Autre,Comprime,0,0,Non,13,
PN0685,Onecef 1g inj,,,Autre,Comprime,0,0,Non,0,
PN0686,Pyocef 1g inj,,,Autre,Comprime,0,0,Non,25,
PN0687,"Sulbacef inf 1,5 g",,,Autre,Comprime,0,0,Non,0,
PN0688,Synergon inj,,,Autre,Comprime,0,0,Non,6,
PN0689,Rocephin 1g inj I4,,,Autre,Comprime,0,0,Non,0,
PN0690,Spasmo Apotel inj,,,Autre,Comprime,0,0,Non,0,
PN0691,Spasfon inj,,,Autre,Comprime,0,0,Non,0,
PN0692,Spasmosyl inj,,,Autre,Comprime,0,0,Non,0,
PN0693,Triam-Denk inj,,,Autre,Comprime,0,0,Non,46,
PN0694,Trabar 100 inj,,,Autre,Comprime,0,0,Non,39,
PN0695,Vitamine B/12 inj,,,Autre,Comprime,0,0,Non,0,
PN0696,Vogalene inj,,,Autre,Comprime,0,0,Non,182,
PN0697,Diclo 5 sup,,,Autre,Comprime,0,0,Non,0,
PN0698,Diclowal sup,,,Autre,Comprime,0,0,Non,0,
PN0699,Evamax ov,,,Autre,Comprime,0,0,Non,2,
PN0700,Flagyl ov,,,Autre,Comprime,0,0,Non,0,
PN0701,Elle Test,,,Autre,Comprime,0,0,Non,3,
PN0702,Levatest (Levo test),,,Autre,Comprime,0,0,Non,0,
PN0703,Gencloben ov,,,Autre,Comprime,0,0,Non,0,
PN0704,Gyflorine ov,,,Autre,Comprime,0,0,Non,0,
PN0705,Gynofast ov,,,Autre,Comprime,0,0,Non,5,
PN0706,Gynanfort ov,,,Autre,Comprime,0,0,Non,0,
PN0707,Gynospan ov,,,Autre,Comprime,0,0,Non,0,
PN0708,Gynospan sup,,,Autre,Comprime,0,0,Non,3,
PN0709,Gynomax B/6 ov,,,Autre,Comprime,0,0,Non,1,
PN0710,Gynomax B/12 ov,,,Autre,Comprime,0,0,Non,5,
PN0711,Ketoprofen GH sup,,,Autre,Comprime,0,0,Non,0,
PN0712,Ketoflex sup,,,Autre,Comprime,0,0,Non,0,
PN0713,Nystasha ov,,,Autre,Comprime,0,0,Non,4,
PN0714,Kinafon sup,,,Autre,Comprime,0,0,Non,0,
PN0715,Microlax BB sup,,,Autre,Comprime,0,0,Non,1,
PN0716,Microlax A/D sup,,,Autre,Comprime,0,0,Non,1,
PN0717,Pevagin ov,,,Autre,Comprime,0,0,Non,4,
PN0718,Polygynax B/6 ov,,,Autre,Comprime,0,0,Non,4,
PN0719,Polygynax B/12 ov,,,Autre,Comprime,0,0,Non,2,
PN0720,Prokefen sup,,,Autre,Comprime,0,0,Non,4,
PN0721,Profenid sup,,,Autre,Comprime,0,0,Non,2,
PN0722,Spasmo Apotel sup,,,Autre,Comprime,0,0,Non,3,
PN0723,Spasmosyl sup,,,Autre,Comprime,0,0,Non,1,
PN0724,Titanoreine sup,,,Autre,Comprime,0,0,Non,4,
PN0725,Vagimilt ov,,,Autre,Comprime,0,0,Non,2,
PN0726,Vogalene sup,,,Autre,Comprime,0,0,Non,2,
PN0727,Visceralgine sup,,,Autre,Comprime,0,0,Non,2,
PN0728,Voltaren 100 sup,,,Autre,Comprime,0,0,Non,0,
PN0729,Zalain ovule,,,Autre,Comprime,0,0,Non,1,
PN0730,Warimazol ov,,,Autre,Comprime,0,0,Non,3,
PN0731,Ascabiol sol,,,Autre,Comprime,0,0,Non,14,
PN0732,Acaribial sol,,,Autre,Comprime,0,0,Non,4,
PN0733,Buccothymol Bb,,,Autre,Comprime,0,0,Non,0,
PN0734,Betadine derm sol,,,Autre,Comprime,0,0,Non,6,
PN0735,Betadine BB sol,,,Autre,Comprime,0,0,Non,2,
PN0736,Betadine Vag sol,,,Autre,Comprime,0,0,Non,2,
PN0737,Dakin sol 250ml,,,Autre,Comprime,0,0,Non,10,
PN0738,Dakin 500ml sol,,,Autre,Comprime,0,0,Non,0,
PN0739,Dermobacter 125ml sol,,,Autre,Comprime,0,0,Non,0,
PN0740,Dermobacter 300ml sol,,,Autre,Comprime,0,0,Non,0,
PN0741,Dexeryl sol,,,Autre,Comprime,0,0,Non,0,
PN0742,Doloseptyl sol,,,Autre,Comprime,0,0,Non,0,
PN0743,Clivon sol,,,Autre,Comprime,0,0,Non,1,
PN0744,Eosine Aqueuse sol 2g,,,Autre,Comprime,0,0,Non,4,
PN0745,Eludrilpro sol,,,Autre,Comprime,0,0,Non,0,
PN0746,Exofen pdr,,,Autre,Comprime,0,0,Non,4,
PN0747,Lactiva sol,,,Autre,Comprime,0,0,Non,0,
PN0748,Ketocon shp,,,Autre,Comprime,0,0,Non,0,
PN0749,Saforelle 100ml sol,,,Autre,Comprime,0,0,Non,18,
PN0750,Saforelle 200ml sol,,,Autre,Comprime,0,0,Non,10,
PN0751,Septivon sol,,,Autre,Comprime,0,0,Non,0,
PN0752,Septyl BB,,,Autre,Comprime,0,0,Non,2,
PN0753,Aclin gel,,,Autre,Comprime,0,0,Non,0,
PN0754,Algesal gel,,,Autre,Comprime,0,0,Non,0,
PN0755,Aclogel gel,,,Autre,Comprime,0,0,Non,0,
PN0756,Betadine gel,,,Autre,Comprime,0,0,Non,0,
PN0757,Baneocin pde,,,Autre,Comprime,0,0,Non,16,
PN0758,Bronchodermique pde,,,Autre,Comprime,0,0,Non,0,
PN0759,Clobex cr,,,Autre,Comprime,0,0,Non,2,
PN0760,Cutacnyl 5% pde,,,Autre,Comprime,0,0,Non,0,
PN0761,Cutacnyl 10% pde,,,Autre,Comprime,0,0,Non,0,
PN0762,Clotri denk cr,,,Autre,Comprime,0,0,Non,14,
PN0763,Curapel pde,,,Autre,Comprime,0,0,Non,0,
PN0764,Diclowal spr,,,Autre,Comprime,0,0,Non,0,
PN0765,Dynapar Qs 15ml spr,,,Autre,Comprime,0,0,Non,0,
PN0766,Dynapar gel,,,Autre,Comprime,0,0,Non,2,
PN0767,Dflex pde,,,Autre,Comprime,0,0,Non,4,
PN0768,Diprolene pde,,,Autre,Comprime,0,0,Non,1,
PN0769,Diprosalic pde,,,Autre,Comprime,0,0,Non,2,
PN0770,Diprostene pde,,,Autre,Comprime,0,0,Non,0,
PN0771,Diprostene cr,,,Autre,Comprime,0,0,Non,0,
PN0772,Doulerex pde,,,Autre,Comprime,0,0,Non,1,
PN0773,Fusiderme pde,,,Autre,Comprime,0,0,Non,0,
PN0774,Gencloben cr,,,Autre,Comprime,0,0,Non,0,
PN0775,Ketoderm pde,,,Autre,Comprime,0,0,Non,0,
PN0776,Ketocon cr,,,Autre,Comprime,0,0,Non,3,
PN0777,Hemorex kit,,,Autre,Comprime,0,0,Non,2,
PN0778,Litacold vap,,,Autre,Comprime,0,0,Non,0,
PN0779,L-Mesitran 50g pde,,,Autre,Comprime,0,0,Non,3,
PN0780,L-Mesitran 100g pde,,,Autre,Comprime,0,0,Non,0,
PN0781,Locoid cr,,,Autre,Comprime,0,0,Non,0,
PN0782,Micokin 2% cr,,,Autre,Comprime,0,0,Non,5,
PN0783,Micolex cr,,,Autre,Comprime,0,0,Non,4,
PN0784,Micolex 3 cr,,,Autre,Comprime,0,0,Non,2,
PN0785,Intimyty gel,,,Autre,Comprime,0,0,Non,0,
PN0786,Coton Hydrophile 50g,,,Autre,Comprime,0,0,Non,0,
PN0787,Coton Hydrophile 100g,,,Autre,Comprime,0,0,Non,4,
PN0788,Mycoster creme,,,Autre,Comprime,0,0,Non,0,
PN0789,Mycoster spray,,,Autre,Comprime,0,0,Non,0,
PN0790,Niflugel pde,,,Autre,Comprime,0,0,Non,2,
PN0791,Oxyplastine pde,,,Autre,Comprime,0,0,Non,0,
PN0792,Phenergan pde,,,Autre,Comprime,0,0,Non,1,
PN0793,Positon pde,,,Autre,Comprime,0,0,Non,1,
PN0794,Positon cre,,,Autre,Comprime,0,0,Non,1,
PN0795,Procomil cre,,,Autre,Comprime,0,0,Non,2,
PN0796,PKG cre,,,Autre,Comprime,0,0,Non,0,
PN0797,Pevagin cre,,,Autre,Comprime,0,0,Non,2,
PN0798,Titanoreine cre,,,Autre,Comprime,0,0,Non,3,
PN0799,Trecopex pde,,,Autre,Comprime,0,0,Non,5,
PN0800,Triafene gel,,,Autre,Comprime,0,0,Non,3,
PN0801,Vendome gel,,,Autre,Comprime,0,0,Non,0,
PN0802,Volini gel,,,Autre,Comprime,0,0,Non,0,
PN0803,Vovgel gel,,,Autre,Comprime,0,0,Non,2,
PN0804,Voltaren cr Emulgre,,,Autre,Comprime,0,0,Non,0,
PN0805,Vegebom secours 50g gel,,,Autre,Comprime,0,0,Non,0,
PN0806,Vegebom secours 100g gel,,,Autre,Comprime,0,0,Non,1,
PN0807,Vegebom Tonifiant gel,,,Autre,Comprime,0,0,Non,3,
PN0808,Warimazol cre,,,Autre,Comprime,0,0,Non,0,
PN0809,Sparadrap 5m*18cm,,,Autre,Comprime,0,0,Non,2,
PN0810,Bande crepe 4cm*5m,,,Autre,Comprime,0,0,Non,0,
PN0811,Bande crepe 4cm*7m,,,Autre,Comprime,0,0,Non,0,
PN0812,Bande crepe 4cm*10m,,,Autre,Comprime,0,0,Non,0,
PN0813,Bande crepe 4cm*15m,,,Autre,Comprime,0,0,Non,0,
PN0814,Bande crepe 4cm*20m,,,Autre,Comprime,0,0,Non,0,
PN0815,Bande ordinaire 15 cm,,,Autre,Comprime,0,0,Non,160,
PN0816,Bande ordinaire 10 cm,,,Autre,Comprime,0,0,Non,177,
PN0817,Gants steril 7.5,,,Autre,Comprime,0,0,Non,0,
PN0818,Compress Steril 40*40m,,,Autre,Comprime,0,0,Non,40,
PN0819,Maxidrol pde,,,Autre,Comprime,0,0,Non,0,
PN0820,Fleming 250 sp,,,Autre,Comprime,0,0,Non,0,
PN0821,Flucazol sp,,,Autre,Comprime,0,0,Non,0,
PN0822,Fluditec enf sp,,,Autre,Comprime,0,0,Non,0,
PN0823,Fluditec A/D sp,,,Autre,Comprime,0,0,Non,0,
PN0824,Fuclo 250 sp,,,Autre,Comprime,0,0,Non,0,
PN0825,Fluvermal sp,,,Autre,Comprime,0,0,Non,0,
PN0826,Flucogen sp,,,Autre,Comprime,0,0,Non,0,
PN0827,Gaviscon sp,,,Autre,Comprime,0,0,Non,0,
PN0828,Gastrogel O sp,,,Autre,Comprime,0,0,Non,0,
PN0829,Gastrogel plus sp,,,Autre,Comprime,0,0,Non,0,
PN0830,Gamalate B6 sp,,,Autre,Comprime,0,0,Non,0,
PN0831,Genacid sp,,,Autre,Comprime,0,0,Non,0,
PN0832,Gastrogel sp,,,Autre,Comprime,0,0,Non,0,
PN0833,Genforte GH sp,,,Autre,Comprime,0,0,Non,0,
PN0834,Guaflex sp,,,Autre,Comprime,0,0,Non,0,
PN0835,Gynofert sp,,,Autre,Comprime,0,0,Non,0,
PN0836,Hapenz sp,,,Autre,Comprime,0,0,Non,0,
PN0837,Helicidine 125ml sp,,,Autre,Comprime,0,0,Non,0,
PN0838,Helicidine 250ml sp,,,Autre,Comprime,0,0,Non,0,
PN0839,Hemafer sp,,,Autre,Comprime,0,0,Non,0,
PN0840,Helmintox 250mg sp,,,Autre,Comprime,0,0,Non,0,
PN0841,Hemofer sp,,,Autre,Comprime,0,0,Non,0,
PN0842,HPV eurolab gtte,,,Autre,Comprime,0,0,Non,0,
PN0843,HPV hydrosol gtte,,,Autre,Comprime,0,0,Non,0,
PN0844,Ibumol sp,,,Autre,Comprime,0,0,Non,0,
PN0845,Ixine 40mg sp,,,Autre,Comprime,0,0,Non,0,
PN0846,Ixine 100mg sp,,,Autre,Comprime,0,0,Non,0,
PN0847,Kidjoy sp,,,Autre,Comprime,0,0,Non,0,
PN0848,Lilgro-H sp,,,Autre,Comprime,0,0,Non,0,
PN0849,Litacold sp,,,Autre,Comprime,0,0,Non,0,
PN0850,Luex enf Toux seche sp,,,Autre,Comprime,0,0,Non,0,
PN0851,Luex enf Toux grasse sp,,,Autre,Comprime,0,0,Non,0,
PN0852,Luex A/D Toux seche sp,,,Autre,Comprime,0,0,Non,0,
PN0853,Luex A/D Toux grasse sp,,,Autre,Comprime,0,0,Non,0,
PN0854,Lufamet sp,,,Autre,Comprime,0,0,Non,0,
PN0855,Maalox sp,,,Autre,Comprime,0,0,Non,0,
PN0856,Macromax sp,,,Autre,Comprime,0,0,Non,0,
PN0857,Malacur sp,,,Autre,Comprime,0,0,Non,0,
PN0858,Maxilase sp,,,Autre,Comprime,0,0,Non,0,
PN0859,Mebendazole Ibu sp,,,Autre,Comprime,0,0,Non,0,
PN0860,Metrolex F sp,,,Autre,Comprime,0,0,Non,0,
PN0861,Megacid sp,,,Autre,Comprime,0,0,Non,0,
PN0862,Motilum sp,,,Autre,Comprime,0,0,Non,0,
PN0863,Nugene sp,,,Autre,Comprime,0,0,Non,0,
PN0864,Nugene plus sp,,,Autre,Comprime,0,0,Non,0,
PN0865,Nauselium sp,,,Autre,Comprime,0,0,Non,0,
PN0866,Neex sp,,,Autre,Comprime,0,0,Non,0,
PN0867,Neutrosec sp,,,Autre,Comprime,0,0,Non,0,
PN0868,Norflozole sp,,,Autre,Comprime,0,0,Non,0,
PN0869,Nt-tus sp,,,Autre,Comprime,0,0,Non,0,
PN0870,Novalgin sp,,,Autre,Comprime,0,0,Non,0,
PN0871,Nuravite sp,,,Autre,Comprime,0,0,Non,0,
PN0872,Nurabol enf sp,,,Autre,Comprime,0,0,Non,0,
PN0873,Nurabol A/D sp,,,Autre,Comprime,0,0,Non,0,
PN0874,Nystatine sp,,,Autre,Comprime,0,0,Non,0,
PN0875,Orex 125mg sp,,,Autre,Comprime,0,0,Non,0,
PN0876,Orex 250mg sp,,,Autre,Comprime,0,0,Non,0,
PN0877,Oroken 100mg sp,,,Autre,Comprime,0,0,Non,0,
PN0878,Oziben sp,,,Autre,Comprime,0,0,Non,0,
PN0879,Paidoterin sp,,,Autre,Comprime,0,0,Non,0,
PN0880,Caplin painex sp,,,Autre,Comprime,0,0,Non,0,
PN0881,Panol sp,,,Autre,Comprime,0,0,Non,0,
PN0882,Panadol sp,,,Autre,Comprime,0,0,Non,0,
PN0883,Peridys sp,,,Autre,Comprime,0,0,Non,0,
PN0884,Peptex sp,,,Autre,Comprime,0,0,Non,0,
PN0885,Phenergan sp,,,Autre,Comprime,0,0,Non,0,
PN0886,Philco cotri sp,,,Autre,Comprime,0,0,Non,0,
PN0887,Philco metro sp,,,Autre,Comprime,0,0,Non,0,
PN0888,Philco cloxa 125mg sp,,,Autre,Comprime,0,0,Non,0,
PN0889,Philco cloxa 250mg sp,,,Autre,Comprime,0,0,Non,0,
PN0890,Philco albo sp,,,Autre,Comprime,0,0,Non,0,
PN0891,Philco para 120mg sp,,,Autre,Comprime,0,0,Non,0,
PN0892,Philco para 240mg sp,,,Autre,Comprime,0,0,Non,0,
PN0893,Philco ibupa sp,,,Autre,Comprime,0,0,Non,0,
PN0894,Philco ibu sp,,,Autre,Comprime,0,0,Non,0,
PN0895,Pinkoo sp,,,Autre,Comprime,0,0,Non,0,
PN0896,Polyvit sp,,,Autre,Comprime,0,0,Non,0,
PN0897,Polyvit gtte,,,Autre,Comprime,0,0,Non,0,
PN0898,Plasmocur sp,,,Autre,Comprime,0,0,Non,0,
PN0899,Primalan sp,,,Autre,Comprime,0,0,Non,0,
PN0900,Profenol sp,,,Autre,Comprime,0,0,Non,0,
PN0901,Pulmodexane sp,,,Autre,Comprime,0,0,Non,0,
PN0902,Rapidex sp,,,Autre,Comprime,0,0,Non,0,
PN0903,Rhinathiol enf sp,,,Autre,Comprime,0,0,Non,0,
PN0904,Rhinathiol A/D sp,,,Autre,Comprime,0,0,Non,0,
PN0905,Rhinex sp,,,Autre,Comprime,0,0,Non,0,
PN0906,Rhinacold sp,,,Autre,Comprime,0,0,Non,0,
PN0907,Richefer plus sp,,,Autre,Comprime,0,0,Non,0,
PN0908,Rinialer sp,,,Autre,Comprime,0,0,Non,0,
PN0909,Rucold sp,,,Autre,Comprime,0,0,Non,0,
PN0910,Roipar sp,,,Autre,Comprime,0,0,Non,0,
PN0911,Salbutus 100ml sp,,,Autre,Comprime,0,0,Non,0,
PN0912,Salbutus 200ml sp,,,Autre,Comprime,0,0,Non,0,
PN0913,Sekrol 15mg sp,,,Autre,Comprime,0,0,Non,0,
PN0914,Sekrol 30mg sp,,,Autre,Comprime,0,0,Non,0,
PN0915,Sekalgic sp,,,Autre,Comprime,0,0,Non,0,
PN0916,Stimogene sp,,,Autre,Comprime,0,0,Non,0,
PN0917,Sekisan sp,,,Autre,Comprime,0,0,Non,0,
PN0918,Sirofen sp,,,Autre,Comprime,0,0,Non,0,
PN0919,Soclav sp,,,Autre,Comprime,0,0,Non,0,
PN0920,Skilax gtte,,,Autre,Comprime,0,0,Non,0,
PN0921,Surdex sp,,,Autre,Comprime,0,0,Non,0,
PN0922,Suffix sp,,,Autre,Comprime,0,0,Non,0,
PN0923,Tardyferon B/9 SP,,,Autre,Comprime,0,0,Non,0,
PN0924,Tanakan sp,,,Autre,Comprime,0,0,Non,0,
PN0925,Tegretol sp,,,Autre,Comprime,0,0,Non,0,
PN0926,Terpone enf sp,,,Autre,Comprime,0,0,Non,0,
PN0927,Terpone A/D sp,,,Autre,Comprime,0,0,Non,0,
PN0928,Thiobactin sp,,,Autre,Comprime,0,0,Non,0,
PN0929,Tributine sp,,,Autre,Comprime,0,0,Non,0,
PN0930,Trimetabol sp,,,Autre,Comprime,0,0,Non,0,
PN0931,Ventoline spr,,,Autre,Comprime,0,0,Non,0,
PN0932,Vermox sp,,,Autre,Comprime,0,0,Non,0,
PN0933,Viscodril sp,,,Autre,Comprime,0,0,Non,0,
PN0934,Viscof S sp,,,Autre,Comprime,0,0,Non,0,
PN0935,Viscof D sp,,,Autre,Comprime,0,0,Non,0,
PN0936,Vitavit sp,,,Autre,Comprime,0,0,Non,0,
PN0937,Vogalene gtte,,,Autre,Comprime,0,0,Non,0,
PN0938,Vogalene sp,,,Autre,Comprime,0,0,Non,0,
PN0939,Zentel sp,,,Autre,Comprime,0,0,Non,0,
PN0940,Wormin sp,,,Autre,Comprime,0,0,Non,0,
PN0941,Zocin sp,,,Autre,Comprime,0,0,Non,0,
PN0942,Clamoxyl 500mg sp,,,Autre,Comprime,0,0,Non,0,
PN0943,Cetamyl sp,,,Autre,Comprime,0,0,Non,0,
PN0944,Ceficap sp,,,Autre,Comprime,0,0,Non,0,
PN0945,Cefim 100 sp,,,Autre,Comprime,0,0,Non,0,
PN0946,Cypep sp,,,Autre,Comprime,0,0,Non,0,
PN0947,Carben sp,,,Autre,Comprime,0,0,Non,0,
PN0948,Calben sp,,,Autre,Comprime,0,0,Non,0,
PN0949,Caltoux enf sp,,,Autre,Comprime,0,0,Non,0,
PN0950,Caltoux A/D sp,,,Autre,Comprime,0,0,Non,0,
PN0951,Carbotoux enf sp,,,Autre,Comprime,0,0,Non,0,
PN0952,Carbotoux A/D sp,,,Autre,Comprime,0,0,Non,0,
PN0953,Cipcal sp,,,Autre,Comprime,0,0,Non,0,
PN0954,Buto-Asma spr,,,Autre,Comprime,0,0,Non,0,
PN0955,Brustan sp,,,Autre,Comprime,0,0,Non,0,
PN0956,Bronex sp,,,Autre,Comprime,0,0,Non,0,
PN0957,Broxol sp,,,Autre,Comprime,0,0,Non,0,
PN0958,Brufen sp,,,Autre,Comprime,0,0,Non,0,
PN0959,Bronquidiazina sp,,,Autre,Comprime,0,0,Non,0,
PN0960,Broncathiol enf sp,,,Autre,Comprime,0,0,Non,0,
PN0961,Broncathiol A/D sp,,,Autre,Comprime,0,0,Non,0,
PN0962,Applift sp,,,Autre,Comprime,0,0,Non,0,
PN0963,Appetine sp,,,Autre,Comprime,0,0,Non,0,
PN0964,Appetine Viatamine sp,,,Autre,Comprime,0,0,Non,0,
PN0965,Appetamine sp,,,Autre,Comprime,0,0,Non,0,
PN0966,Apdyl-H sp,,,Autre,Comprime,0,0,Non,0,
PN0967,Anginovag spr,,,Autre,Comprime,0,0,Non,0,
PN0968,Angispray spr,,,Autre,Comprime,0,0,Non,0,
PN0969,Anticide plus sp,,,Autre,Comprime,0,0,Non,0,
PN0970,Amibazol sp,,,Autre,Comprime,0,0,Non,0,
PN0971,Amifer sp,,,Autre,Comprime,0,0,Non,0,
PN0972,Ambrolite GH sp,,,Autre,Comprime,0,0,Non,0,
PN0973,Almax forte sp,,,Autre,Comprime,0,0,Non,0,
PN0974,Alvityl sp,,,Autre,Comprime,0,0,Non,0,
PN0975,Algofene sp,,,Autre,Comprime,0,0,Non,0,
PN0976,Astyfer sp,,,Autre,Comprime,0,0,Non,0,
PN0977,Alfamox sp,,,Autre,Comprime,0,0,Non,0,
PN0978,Advilmed sp,,,Autre,Comprime,0,0,Non,0,
PN0979,Alzol sp,,,Autre,Comprime,0,0,Non,0,
PN0980,Arginine veyron sp,,,Autre,Comprime,0,0,Non,0,
PN0981,Acure 20/120 sp,,,Autre,Comprime,0,0,Non,0,
PN0982,Acure 40/240 sp,,,Autre,Comprime,0,0,Non,0,
PN0983,Acure 60/360 sp,,,Autre,Comprime,0,0,Non,0,
PN0984,Acigene sp,,,Autre,Comprime,0,0,Non,0,
PN0985,Acefyl sp,,,Autre,Comprime,0,0,Non,0,
PN0986,Actimag sp,,,Autre,Comprime,0,0,Non,0,
PN0987,Aclav enf sp,,,Autre,Comprime,0,0,Non,0,
PN0988,Bimalaril Adolescent sp,,,Autre,Comprime,0,0,Non,0,
PN0989,Bimalaril Enfant sp,,,Autre,Comprime,0,0,Non,0,
PN0990,Bimalaril NN sp,,,Autre,Comprime,0,0,Non,0,
PN0991,Bimalaril Adolescent cp,,,Autre,Comprime,0,0,Non,0,
PN0992,Bimalaril Enfant cp,,,Autre,Comprime,0,0,Non,0,
PN0993,Bimalaril NN cp,,,Autre,Comprime,0,0,Non,0,
PN0994,Betalin sp gtte,,,Autre,Comprime,0,0,Non,0,
PN0995,Bekracine sp,,,Autre,Comprime,0,0,Non,0,
PN0996,Bibactin sp,,,Autre,Comprime,0,0,Non,0,
PN0997,Biba sp,,,Autre,Comprime,0,0,Non,0,
PN0998,Beclav sp,,,Autre,Comprime,0,0,Non,0,
PN0999,Bactoxine sp,,,Autre,Comprime,0,0,Non,0,
PN1000,Bioferon 12 sp,,,Autre,Comprime,0,0,Non,0,
PN1001,Bactox 500mg sp,,,Autre,Comprime,0,0,Non,0,
PN1002,Azicure sp,,,Autre,Comprime,0,0,Non,0,
PN1003,Augmentin enf sp,,,Autre,Comprime,0,0,Non,0,
PN1004,Atovit sp,,,Autre,Comprime,0,0,Non,0,
PN1005,Aminopep sp,,,Autre,Comprime,0,0,Non,0,
PN1006,Amoxidel 125 sp,,,Autre,Comprime,0,0,Non,0,
PN1007,Amoxidel 150 sp,,,Autre,Comprime,0,0,Non,0,
PN1008,Atofer ZN sp,,,Autre,Comprime,0,0,Non,0,
PN1009,Astymin C gtte,,,Autre,Comprime,0,0,Non,0,
PN1010,Alfer sp,,,Autre,Comprime,0,0,Non,0,
PN1011,Atofan sp,,,Autre,Comprime,0,0,Non,0,
PN1012,Astimine sp,,,Autre,Comprime,0,0,Non,0,
PN1013,Artiz sp,,,Autre,Comprime,0,0,Non,0,
PN1014,Artilex sp,,,Autre,Comprime,0,0,Non,0,
PN1015,Artrim GH sp,,,Autre,Comprime,0,0,Non,0,
PN1016,Artefan sp,,,Autre,Comprime,0,0,Non,0,
PN1017,Artefan 40mg sp,,,Autre,Comprime,0,0,Non,0,
PN1018,Artefan 60mg sp,,,Autre,Comprime,0,0,Non,0,
PN1019,Artefan 80mg sp,,,Autre,Comprime,0,0,Non,0,
PN1020,Fixim sp,,,Autre,Comprime,0,0,Non,0,
PN1021,Ferravit sp,,,Autre,Comprime,0,0,Non,0,
PN1022,Fifer sp,,,Autre,Comprime,0,0,Non,0,
PN1023,Fercefol sp,,,Autre,Comprime,0,0,Non,0,
PN1024,Femifer sp,,,Autre,Comprime,0,0,Non,0,
PN1025,Finanemie sp,,,Autre,Comprime,0,0,Non,0,
PN1026,Ferromix sp,,,Autre,Comprime,0,0,Non,0,
PN1027,Ferrex forte sp,,,Autre,Comprime,0,0,Non,0,
PN1028,Fedate sp,,,Autre,Comprime,0,0,Non,0,
PN1029,Febrilex plus sp,,,Autre,Comprime,0,0,Non,0,
PN1030,Febulex junior sp,,,Autre,Comprime,0,0,Non,0,
PN1031,Enrouex sp,,,Autre,Comprime,0,0,Non,0,
PN1032,Entamizol sp,,,Autre,Comprime,0,0,Non,0,
PN1033,Dolodent sol,,,Autre,Comprime,0,0,Non,0,
PN1034,Drenoxol sp,,,Autre,Comprime,0,0,Non,0,
PN1035,Desyrel sp,,,Autre,Comprime,0,0,Non,0,
PN1036,Desarol sp,,,Autre,Comprime,0,0,Non,0,
PN1037,Defal sp,,,Autre,Comprime,0,0,Non,0,
PN1038,Dedrogyl sp,,,Autre,Comprime,0,0,Non,0,
PN1039,Diastop sp,,,Autre,Comprime,0,0,Non,0,
PN1040,Diaryl sp,,,Autre,Comprime,0,0,Non,0,
PN1041,Curam enf sp,,,Autre,Comprime,0,0,Non,0,
PN1042,Cough off sp,,,Autre,Comprime,0,0,Non,0,
PN1043,Curtec sp,,,Autre,Comprime,0,0,Non,0,
PN1044,Co-artesiane sp,,,Autre,Comprime,0,0,Non,0,
PN1045,Combifrinil sp,,,Autre,Comprime,0,0,Non,0,
PN1046,Clartec sp,,,Autre,Comprime,0,0,Non,0,
PN1047,Roipar Goiffe,,,Autre,Comprime,0,0,Non,0,
PN1048,Aeruis sr,,,Autre,Comprime,0,0,Non,0,
PN1049,attapa 125,,,Autre,Comprime,0,0,Non,0,
PN1050,Attapa 200,,,Autre,Comprime,0,0,Non,0,
PN1051,Attapa 250,,,Autre,Comprime,0,0,Non,0,
PN1052,Flagyl sp,,,Autre,Comprime,0,0,Non,0,
PN1053,Gel larmes,,,Autre,Comprime,0,0,Non,0,
PN1054,Nasonex 120 spray,,,Autre,Comprime,0,0,Non,1,
PN1055,Naaxia cy,,,Autre,Comprime,0,0,Non,0,
PN1056,Mydriaticum cy,,,Autre,Comprime,0,0,Non,1,
PN1057,Maxidrol cy,,,Autre,Comprime,0,0,Non,6,
PN1058,Maxidrol pde,,,Autre,Comprime,0,0,Non,0,
PN1059,Marimer baby isotonique spray,,,Autre,Comprime,0,0,Non,1,
PN1060,Marimer baby hypertonique spray,,,Autre,Comprime,0,0,Non,1,
PN1061,Marimer isotonique spray,,,Autre,Comprime,0,0,Non,1,
PN1062,Marimer hypertonique spray,,,Autre,Comprime,0,0,Non,2,
PN1063,Gel larmes,,,Autre,Comprime,0,0,Non,0,
PN1064,Genta cy,,,Autre,Comprime,0,0,Non,11,
PN1065,Gentasol cy,,,Autre,Comprime,0,0,Non,12,
PN1066,Gatistar cy,,,Autre,Comprime,0,0,Non,1,
PN1067,Ciloxan cy,,,Autre,Comprime,0,0,Non,1,
PN1068,Apdrops cy,,,Autre,Comprime,0,0,Non,1,
PN1069,Patadin cy,,,Autre,Comprime,0,0,Non,3,
PN1070,Frakidex cy,,,Autre,Comprime,0,0,Non,0,
PN1071,Floxsol cy,,,Autre,Comprime,0,0,Non,1,
PN1072,Difenasol cy,,,Autre,Comprime,0,0,Non,4,
PN1073,Duotrav cy,,,Autre,Comprime,0,0,Non,0,
PN1074,Cromosol cy,,,Autre,Comprime,0,0,Non,3,
PN1075,Cromoptic cy,,,Autre,Comprime,0,0,Non,0,
PN1076,Co-Avazir cy,,,Autre,Comprime,0,0,Non,1,
PN1077,Collyre bleu cy,,,Autre,Comprime,0,0,Non,5,
PN1078,Cerylise gtte,,,Autre,Comprime,0,0,Non,0,
PN1079,Chibrocadron cy,,,Autre,Comprime,0,0,Non,0,
PN1080,Chibroxine cy,,,Autre,Comprime,0,0,Non,0,
PN1081,Correctol cy,,,Autre,Comprime,0,0,Non,0,
PN1082,Cetraxalplus gtte,,,Autre,Comprime,0,0,Non,4,
PN1083,Cetraxal Otico gtte,,,Autre,Comprime,0,0,Non,0,
PN1084,Apdrops dx cy,,,Autre,Comprime,0,0,Non,1,
PN1085,Azopt cy,,,Autre,Comprime,0,0,Non,0,
PN1086,Antibiosynalar gtte,,,Autre,Comprime,0,0,Non,1,
PN1087,Narisol cy,,,Autre,Comprime,0,0,Non,0,
PN1088,Twinzol cy,,,Autre,Comprime,0,0,Non,4,
PN1089,Trillerg cy,,,Autre,Comprime,0,0,Non,3,
PN1090,Tobrex cy,,,Autre,Comprime,0,0,Non,4,
PN1091,Timosol cy,,,Autre,Comprime,0,0,Non,1,
PN1092,Sterdex pde,,,Autre,Comprime,0,0,Non,0,
PN1093,Respibien gtte,,,Autre,Comprime,0,0,Non,1,
PN1094,Rifamycine cy,,,Autre,Comprime,0,0,Non,0,
PN1095,Polydexa gtte,,,Autre,Comprime,0,0,Non,18,
PN1096,Polyfresh cy,,,Autre,Comprime,0,0,Non,3,
PN1097,Physiodose 15 unidose,,,Autre,Comprime,0,0,Non,5,
PN1098,Physiodose 30 unidoses,,,Autre,Comprime,0,0,Non,3,
PN1099,Tetracycline pde,,,Autre,Comprime,0,0,Non,10,
PN1100,Ofusine cy,,,Autre,Comprime,0,0,Non,0,
PN1101,Otrivine enf gtte,,,Autre,Comprime,0,0,Non,2,
PN1102,Otrivine A/D gtte,,,Autre,Comprime,0,0,Non,0,
PN1103,Otofa gtte,,,Autre,Comprime,0,0,Non,0,
PN1104,Otipax gtte,,,Autre,Comprime,0,0,Non,0,
PN1105,Boncipro gtte/cy,,,Autre,Comprime,0,0,Non,2,
PN1106,Orchazid cy,,,Autre,Comprime,0,0,Non,0,
PN1107,Orchapred cy,,,Autre,Comprime,0,0,Non,1,
PN1108,Opticron cy,,,Autre,Comprime,0,0,Non,1,
PN1109,Opatanol cy,,,Autre,Comprime,0,0,Non,3,
PN1110,Optipred cy,,,Autre,Comprime,0,0,Non,0,
PN1111,Neomdexsol cy,,,Autre,Comprime,0,0,Non,6,
PN1112,Niclosamide cp,,,Autre,Comprime,0,0,Non,0,
PN1113,Ciprofloxacine cp,,,Autre,Comprime,0,0,Non,9,
PN1114,Amoxicilline entrance cp,,,Autre,Comprime,0,0,Non,0,
PN1115,Roipar grippe cp,,,Autre,Comprime,0,0,Non,13,
PN1116,Afine cp,,,Autre,Comprime,0,0,Non,103,
PN1117,Litacold cp,,,Autre,Comprime,0,0,Non,115,
PN1118,Rapidex cp,,,Autre,Comprime,0,0,Non,163,
PN1119,Paradik cp,,,Autre,Comprime,0,0,Non,0,
PN1120,kinal ibu cp,,,Autre,Comprime,0,0,Non,0,
PN1121,T-Afnac cp,,,Autre,Comprime,0,0,Non,3,
PN1122,Albela cp,,,Autre,Comprime,0,0,Non,7,
PN1123,Parafizz 500mg cp,,,Autre,Comprime,0,0,Non,123,
PN1124,Parafizz 1g cp,,,Autre,Comprime,0,0,Non,0,
PN1125,Genforte cp,,,Autre,Comprime,0,0,Non,6,
PN1126,Febrilex cp,,,Autre,Comprime,0,0,Non,45,
PN1127,B-vit fort cp,,,Autre,Comprime,0,0,Non,5,
PN1128,Maloxine cp,,,Autre,Comprime,0,0,Non,30,
PN1129,Vit B Denk cp,,,Autre,Comprime,0,0,Non,3,
PN1130,Dynapar 100mg cp,,,Autre,Comprime,0,0,Non,0,
PN1131,Mebendazole ibu 100mg cp,,,Autre,Comprime,0,0,Non,49,
PN1132,Claben cp,,,Autre,Comprime,0,0,Non,0,
PN1133,Nifenidi Denk cp,,,Autre,Comprime,0,0,Non,6,
PN1134,Captopril 25mg Denk B/100 cp,,,Autre,Comprime,0,0,Non,11,
PN1135,Diclo Denk 50mg cp,,,Autre,Comprime,0,0,Non,10,
PN1136,Diclo Denk 100mg cp,,,Autre,Comprime,0,0,Non,11,
PN1137,Furo Denk cp,,,Autre,Comprime,0,0,Non,0,
PN1138,Atenolol Denk cp,,,Autre,Comprime,0,0,Non,13,
PN1139,Amlo Denk cp,,,Autre,Comprime,0,0,Non,4,
PN1140,Metformine 850mg Denk B/120 cp,,,Autre,Comprime,0,0,Non,11,
PN1141,Fluxdol cp B/100,,,Autre,Comprime,0,0,Non,0,
PN1142,Glucart B/100 cp,,,Autre,Comprime,0,0,Non,12,
PN1143,Cipro 750mg Ibu cp,,,Autre,Comprime,0,0,Non,5,
PN1144,Oxacilline Ibu cp,,,Autre,Comprime,0,0,Non,9,
PN1145,Fene 400mg cp,,,Autre,Comprime,0,0,Non,115,
PN1146,Amoxicilline Sandoz 500mg cp,,,Autre,Comprime,0,0,Non,0,
PN1147,Amoxicilline Ibu 500mg cp,,,Autre,Comprime,0,0,Non,20,
PN1148,Amoxicilline Creat 500mg cp,,,Autre,Comprime,0,0,Non,123,
PN1149,Ampicilline 500mg cp,,,Autre,Comprime,0,0,Non,0,
PN1150,Gastricid cp,,,Autre,Comprime,0,0,Non,0,
PN1151,Hydroxyde d'Aluminium (PCG) cp,,,Autre,Comprime,0,0,Non,0,
PN1152,Metronidazole Ibu 250mg cp,,,Autre,Comprime,0,0,Non,27,
PN1153,Lyncomycine 500mg cp,,,Autre,Comprime,0,0,Non,23,
PN1154,Ery 500mg Creat cp,,,Autre,Comprime,0,0,Non,19,
PN1155,Furosemid Creat 40mg cp,,,Autre,Comprime,0,0,Non,19,
PN1156,Cotri 480mg Creat cp,,,Autre,Comprime,0,0,Non,11,
PN1157,Cotri 960mg Creat cp,,,Autre,Comprime,0,0,Non,10,
PN1158,Paracetamol Creat cp,,,Autre,Comprime,0,0,Non,114,
PN1159,Griseofluvine 250mg Creat cp,,,Autre,Comprime,0,0,Non,0,
PN1160,Griseofluvine 500mg Creat cp,,,Autre,Comprime,0,0,Non,0,
PN1161,Doxycilline 100mg Creat cp,,,Autre,Comprime,0,0,Non,26,
PN1162,Doxycilline 200mg Creat cp,,,Autre,Comprime,0,0,Non,10,
PN1163,Cimetidine Creat cp,,,Autre,Comprime,0,0,Non,12,
PN1164,Loperamid Creat cp,,,Autre,Comprime,0,0,Non,27,
PN1165,Metronidazole Creat 250mg cp,,,Autre,Comprime,0,0,Non,26,
PN1166,Metronidazole Creat 500mg cp,,,Autre,Comprime,0,0,Non,6,
PN1167,Dermofine 250mg cp,,,Autre,Comprime,0,0,Non,10,
PN1168,Griseopharn 125mg cp,,,Autre,Comprime,0,0,Non,8,
PN1169,Griseopharn 250mg cp,,,Autre,Comprime,0,0,Non,2,
PN1170,Griseopharn 500mg cp,,,Autre,Comprime,0,0,Non,10,
PN1171,Hydroxyde d'Aluminium Creat cp,,,Autre,Comprime,0,0,Non,0,
PN1172,Philco Ery 500mg cp,,,Autre,Comprime,0,0,Non,25,
PN1173,Philco Mepra 20mg cp,,,Autre,Comprime,0,0,Non,16,
PN1174,Philco Cloxa 500mg cp,,,Autre,Comprime,0,0,Non,57,
PN1175,Philco Cipro 500mg cp,,,Autre,Comprime,0,0,Non,6,
PN1176,Philco Albo 400mg cp,,,Autre,Comprime,0,0,Non,0,
PN1177,Philco Capto 25mg cp,,,Autre,Comprime,0,0,Non,44,
PN1178,Philco Max cp,,,Autre,Comprime,0,0,Non,38,
PN1179,Philco Ampi 500mg cp,,,Autre,Comprime,0,0,Non,83,
PN1180,Philco Amoxi 500mg cp,,,Autre,Comprime,0,0,Non,103,
PN1181,Philco Quinine 600mg cp,,,Autre,Comprime,0,0,Non,0,
PN1182,Philco Cimo cp,,,Autre,Comprime,0,0,Non,20,
PN1183,Philco Metro 250mg cp,,,Autre,Comprime,0,0,Non,138,
PN1184,Philco Para 500mg cp,,,Autre,Comprime,0,0,Non,144,
PN1185,Philco Diclo 50mg cp,,,Autre,Comprime,0,0,Non,88,
PN1186,Philco Ibu 400mg,,,Autre,Comprime,0,0,Non,133,
PN1187,Perfuseur,,,Autre,Comprime,0,0,Non,324,
PN1188,Seringue 10 cc,,,Autre,Comprime,0,0,Non,142,
PN1189,Seringue 5 cc,,,Autre,Comprime,0,0,Non,297,
PN1190,Epicranienne,,,Autre,Comprime,0,0,Non,312,
PN1191,Solvant,,,Autre,Comprime,0,0,Non,247,
PN1192,Test HCG,,,Autre,Comprime,0,0,Non,0,
PN1193,Calgin inj 500mg,,,Autre,Comprime,0,0,Non,49,
PN1194,Restriva 500mg inj,,,Autre,Comprime,0,0,Non,18,
PN1195,Vitamine C inj,,,Autre,Comprime,0,0,Non,424,
PN1196,Vitamine B complexe inj,,,Autre,Comprime,0,0,Non,333,
PN1197,Metoclocare 10mg inj,,,Autre,Comprime,0,0,Non,0,
PN1198,Serum ringer Lactate perf,,,Autre,Comprime,0,0,Non,9,
PN1199,Serum glucose perf,,,Autre,Comprime,0,0,Non,19,
PN1200,Serum salé perf,,,Autre,Comprime,0,0,Non,0,
PN1201,Apotel max perf,,,Autre,Comprime,0,0,Non,7,
PN1202,Wapar perf,,,Autre,Comprime,0,0,Non,0,
PN1203,Manitol perf,,,Autre,Comprime,0,0,Non,0,
PN1204,Gelofusine 80,,,Autre,Comprime,0,0,Non,1,
PN1205,Philco Cimo inj,,,Autre,Comprime,0,0,Non,86,
PN1206,Philco Bemza inj,,,Autre,Comprime,0,0,Non,0,
PN1207,Philco Quinine inj,,,Autre,Comprime,0,0,Non,67,
PN1208,Philco Dexa inj,,,Autre,Comprime,0,0,Non,143,
PN1209,Philco Genta inj,,,Autre,Comprime,0,0,Non,87,
PN1210,Philco Meta inj,,,Autre,Comprime,0,0,Non,178,
PN1211,Philco Kana inj,,,Autre,Comprime,0,0,Non,52,
PN1212,Philco Ampi inj,,,Autre,Comprime,0,0,Non,55,
PN1213,Ampigent 500 81 1000,,,Autre,Comprime,0,0,Non,0,
PN1214,Ibusark 600,,,Autre,Comprime,0,0,Non,0,
PN1242,Caplin ciptin cp 2500,,,Autre,Comprime,0,0,Non,0,
PN1243,Citrate de Betaine cp,,,Autre,Comprime,0,0,Non,0,
PN1244,Clom cp 50mg cp,,,Autre,Comprime,91000,70000,Non,0,
PN1245,Ery 500mg cp B/10,,,Autre,Comprime,72800,56000,Non,1,
PN1246,Efferalgan Codeine cp/eff,,,Autre,Comprime,48100,37000,Non,1,
PN1247,Exxib cp 200 mg,,,Autre,Comprime,63700,49000,Non,3,
PN1248,Fercetol cp,,,Autre,Comprime,52000,40000,Non,3,
PN1249,Flagyl 500mg cp B/14,,,Autre,Comprime,50700,39000,Non,3,
PN1250,Flucona dent 150 cp,,,Autre,Comprime,33800,26000,Non,1,
PN1251,Flucatol cp B/10,,,Autre,Comprime,57200,44000,Non,4,
PN1252,Fluocogen cp 500g cp,,,Autre,Comprime,37700,29000,Non,5,
PN1253,Clomigene 50 cp,,,Autre,Comprime,91000,70000,Non,2,
PN1254,Difrarel E 100 mg,,,Autre,Comprime,0,0,Non,0,
PN1255,Digoxine,,,Autre,Comprime,0,0,Non,0,
PN1256,Esopra 20,,,Autre,Comprime,0,0,Non,0,
PN1257,Esopra 40,,,Autre,Comprime,119600,92000,Non,2,
PN1258,Esomecra 40,,,Autre,Comprime,127400,98000,Non,1,
PN1259,Cotipred cp,,,Autre,Comprime,96200,74000,Non,3,
PN1260,Calgen D3 cp,,,Autre,Comprime,75400,58000,Non,4,
PN1261,Caprazol 20mg,,,Autre,Comprime,42900,33000,Non,1,
PN1262,Ciprocare 500 cp,,,Autre,Comprime,0,0,Non,0,
PN1263,Clomigene 50 cp,,,Autre,Comprime,91000,70000,Non,2,
PN1264,Clorifains cp,,,Autre,Comprime,26000,20000,Non,1,
PN1265,Cotipred 20mg cp,,,Autre,Comprime,0,0,Non,0,
PN1266,Défale 30mg,,,Autre,Comprime,180700,139000,Non,2,
PN1267,Défale 6mg cp,,,Autre,Comprime,87100,67000,Non,1,
PN1268,Bestatene cp,,,Autre,Comprime,72800,56000,Non,3,
PN1269,Diamicron 60 mg B/30,,,Autre,Comprime,299000,230000,Non,3,
PN1270,Diamicron 60 mg B/150,,,Autre,Comprime,105300,81000,Non,8,
PN1271,Diaryl Gel,,,Autre,Comprime,49400,38000,Non,2,
PN1272,Dolex 50 cp,,,Autre,Comprime,0,0,Non,0,
PN1273,Efferalgan Codeine sec,,,Autre,Comprime,42900,33000,Non,11,
PN1274,Esopra 40 mg,,,Autre,Comprime,124800,96000,Non,2,
PN1275,Escodyne Eff,,,Autre,Comprime,0,0,Non,0,
PN1276,Febstat 40 mg,,,Autre,Comprime,150800,116000,Non,1,
PN1277,Escodyne Cp,,,Autre,Comprime,58500,45000,Non,1,
PN1278,Fructines cp,,,Autre,Comprime,59800,46000,Non,3,
PN1279,Fluoxine 500,,,Autre,Comprime,0,0,Non,0,
PN1280,Fluoxine T,,,Autre,Comprime,61100,47000,Non,1,
PN1281,Fluoxine 750,,,Autre,Comprime,0,0,Non,0,
PN1282,Ery 500 B/20,,,Autre,Comprime,111800,86000,Non,1,
PN1283,Femigeston 300 mg,,,Autre,Comprime,167700,129000,Non,1,
PN1284,Flexpro extra,,,Autre,Comprime,75400,58000,Non,2,
PN1285,Clomilen 50 mg,,,Autre,Comprime,46800,36000,Non,1,
PN1286,Enteroscime 400 mg,,,Autre,Comprime,109200,84000,Non,3,
PN1287,Rovamycine 3 M.U.I cp,,,Autre,Comprime,85000,0,Non,3,
PN1288,"Rovamycine 1,5 M.U.I",,,Autre,Comprime,86500,0,Non,2,
PN1289,T-dol Rapid cp P B/10,,,Autre,Comprime,42000,0,Non,1,
PN1290,Tramadol DENK 50 mg,,,Autre,Comprime,0,0,Non,0,
PN1291,Verrex 400 mg cp,,,Autre,Comprime,21000,0,Non,7,
PN1292,Verzol 400 mg cp,,,Autre,Comprime,18000,0,Non,6,
PN1293,Voltarene 50 mg cp,,,Autre,Comprime,0,0,Non,0,
PN1294,Triafer cp,,,Autre,Comprime,29000,0,Non,4,
PN1295,Trabar 50 mg,,,Autre,Comprime,50000,0,Non,4,
PN1296,Tramagen 50 mg,,,Autre,Comprime,50000,0,Non,5,
PN1297,Tinilon cp,,,Autre,Comprime,93000,0,Non,1,
PN1298,Tributine cp,,,Autre,Comprime,66000,0,Non,1,
PN1299,Teli 40 mg,,,Autre,Comprime,107000,0,Non,1,
PN1300,Zanudol cp 50 mg,,,Autre,Comprime,51000,0,Non,3,
PN1301,Zerodol cp,,,Autre,Comprime,0,0,Non,0,
PN1302,Rabetoc cp,,,Autre,Comprime,0,0,Non,0,
PN1303,Roivit Vic C,,,Autre,Comprime,35000,0,Non,2,
PN1304,Roivit Ca + Vit C,,,Autre,Comprime,70000,0,Non,4,
PN1305,Roxyl 300,,,Autre,Comprime,88000,0,Non,1,
PN1306,Sanozol cp,,,Autre,Comprime,23000,0,Non,5,
PN1307,Saridon cp,,,Autre,Comprime,22000,0,Non,3,
PN1308,Silagra 50,,,Autre,Comprime,35000,0,Non,8,
PN1309,Silagra 100,,,Autre,Comprime,55000,0,Non,5,
PN1310,Spascol cp,,,Autre,Comprime,34000,0,Non,2,
PN1311,Solexim 200,,,Autre,Comprime,75000,0,Non,1,
PN1312,Super Calgin,,,Autre,Comprime,67000,0,Non,1,
PN1313,Tora 20,,,Autre,Comprime,0,0,Non,0,
PN1314,Tramagen 50 cp,,,Autre,Comprime,0,0,Non,0,
PN1315,Tinilon cp,,,Autre,Comprime,0,0,Non,0,
PN1316,Vascor 20 mg,,,Autre,Comprime,0,0,Non,0,
PN1317,Venosmil gel,,,Autre,Comprime,0,0,Non,0,
PN1318,Upradone cp,,,Autre,Comprime,185000,0,Non,1,
PN1319,Vikthro 500 mg,,,Autre,Comprime,70000,0,Non,1,
PN1320,Xykaa 1000 Eff,,,Autre,Comprime,40000,0,Non,2,
PN1321,Voltarene 75 mg,,,Autre,Comprime,108000,0,Non,3,
PN1322,Voltarene 100 mg,,,Autre,Comprime,0,0,Non,0,
PN1323,Welvit-Plus cp,,,Autre,Comprime,75000,0,Non,1,
PN1324,Zamudol LP 50,,,Autre,Comprime,51000,0,Non,3,
PN1325,Zyrtec 10 mg cp,,,Autre,Comprime,79000,0,Non,1,
PN1326,Rasgil HTZ 10/25,,,Autre,Comprime,107000,0,Non,1,
PN1327,Tora 40 mg,,,Autre,Comprime,81000,0,Non,1,
PN1328,Tora 80 mg,,,Autre,Comprime,113000,0,Non,2,
PN1329,Voltarene 50 mg,,,Autre,Comprime,92000,0,Non,3,
PN1330,Sulfobactin 500 mg,,,Autre,Comprime,115000,0,Non,1,
PN1331,Rhino Parol cp,,,Autre,Comprime,41000,0,Non,1,
PN1332,Amoxiclav DENK 1g Sh B/8,,,Autre,Comprime,81000,0,Non,3,
PN1333,Amoxiclav 1g DENK Sh B/12,,,Autre,Comprime,114000,0,Non,5,
PN1334,Efferalgan 250mg Sh,,,Autre,Comprime,23000,0,Non,1,
PN1335,Fortrans Sh,,,Autre,Comprime,78000,0,Non,1,
PN1336,SRO Zinc Sh,,,Autre,Comprime,0,0,Non,0,
PN1337,Smecta B/30 Sh,,,Autre,Comprime,75000,0,Non,1,
PN1338,Trebon 200 Sh,,,Autre,Comprime,26000,0,Non,1,
PN1339,Vitamax Cafe B/10 Sh,,,Autre,Comprime,30000,0,Non,22,
PN1340,Sargenor 1f Amp/Buv,,,Autre,Comprime,69000,0,Non,6,
PN1341,Rhumix Sh,,,Autre,Comprime,22000,0,Non,5,
PN1342,Doliprane 500 Sh,,,Autre,Comprime,21000,0,Non,2,
PN1343,Rinogripp SS,,,Autre,Comprime,0,0,Non,0,
PN1344,Saphir 1g B,,,Autre,Comprime,138000,0,Non,1,
PN1345,Smecta Fraise,,,Autre,Comprime,44000,0,Non,1,
PN1346,Soclav 1g B/16,,,Autre,Comprime,141000,0,Non,1,
PN1347,Soclav 500mg B/16,,,Autre,Comprime,114000,0,Non,1,
PN1348,Magnes Denk Sh,,,Autre,Comprime,107000,0,Non,1,
PN1349,Bactox 250 mg sp,,,Autre,Comprime,30000,0,Non,2,
PN1350,Amoxidel 250 sp,,,Autre,Comprime,32000,0,Non,17,
PN1351,Artefan sp 20/120,,,Autre,Comprime,23000,0,Non,2,
PN1352,Finanemi sp,,,Autre,Comprime,47000,0,Non,1,
PN1353,Helmintox 125 mg sp,,,Autre,Comprime,35000,0,Non,11,
PN1354,Intercef 100 cp,,,Autre,Comprime,81000,0,Non,1,
PN1355,Kinal Code�ne cp,,,Autre,Comprime,0,0,Non,0,
PN1356,Laroscorbine B/10 cp 1g,,,Autre,Comprime,0,0,Non,0,
PN1357,Laroscorbine B/30 cp 500mg,,,Autre,Comprime,50000,0,Non,1,
PN1358,Malacure 20/120 B/6,,,Autre,Comprime,12000,0,Non,2,
PN1359,Naturex pastille cp Gingembre,,,Autre,Comprime,42000,0,Non,1,
PN1360,Oziben 100mg cp B/6,,,Autre,Comprime,22000,0,Non,4,
PN1361,Oziben 500mg cp B/1,,,Autre,Comprime,21000,0,Non,7,
PN1362,panadex cp,,,Autre,Comprime,47000,0,Non,4,
PN1363,Princi B fort cp,,,Autre,Comprime,92000,0,Non,2,
PN1364,Profenid 50mg,,,Autre,Comprime,37000,0,Non,1,
PN1365,Neurogab 150,,,Autre,Comprime,0,0,Non,0,
PN1366,potenid 100mg,,,Autre,Comprime,68000,0,Non,1,
PN1367,plasmoar 20/120,,,Autre,Comprime,27000,0,Non,2,
PN1368,plasmoar 80/640 B1,,,Autre,Comprime,74000,0,Non,1,
PN1369,plasmoar 80/640 B6,,,Autre,Comprime,62000,0,Non,2,
PN1370,plasmoar 40/320,,,Autre,Comprime,41000,0,Non,1,
PN1371,cerulyse cy,,,Autre,Comprime,34000,0,Non,1,
PN1372,ofusidic cy,,,Autre,Comprime,58000,0,Non,2,
PN1373,Dynapar 500/50,,,Autre,Comprime,19000,0,Non,15,
PN1374,Cotri Ibu 480,,,Autre,Comprime,4000,0,Non,1,
PN1375,philco cotri 480 cp,,,Autre,Comprime,3000,0,Non,68,
PN1376,Ampicilline 500mg cp creat,,,Autre,Comprime,12000,0,Non,159,
PN1377,Griseofulvine 250mg Creat cp,,,Autre,Comprime,11000,0,Non,20,
PN1378,Griseofulvine 500mg Creat cp,,,Autre,Comprime,20000,0,Non,27,
PN1379,Philco Quinine 300mg cp,,,Autre,Comprime,12000,0,Non,64,
PN1380,Test HCG Bandelette ubitest,,,Autre,Comprime,7000,0,Non,90,
PN1381,Metoclopramid inj,,,Autre,Comprime,2000,0,Non,196,
PN1382,Serum sal� perf,,,Autre,Comprime,15000,0,Non,42,
PN1383,Ibuprofene Denk 400,,,Autre,Comprime,19000,0,Non,1,
PN1384,Philco Benza inj,,,Autre,Comprime,7000,0,Non,20,
PN1385,A-cerume unidose,,,Autre,Comprime,36000,0,Non,2,
PN1386,Dolol 500 Eff,,,Autre,Comprime,4000,0,Non,54,
PN1387,Carteol LP 1% cy,,,Autre,Comprime,124000,0,Non,1,
PN1388,Flixonase cy,,,Autre,Comprime,97000,0,Non,1,
PN1389,Fluca cy,,,Autre,Comprime,70000,0,Non,1,
PN1390,Ioprost cy,,,Autre,Comprime,226000,0,Non,1,
PN1391,Indocollyre cy,,,Autre,Comprime,57000,0,Non,14,
PN1392,Naso GH spray pedia,,,Autre,Comprime,16000,0,Non,1,
PN1393,Dacryoserum,,,Autre,Comprime,56000,0,Non,2,
PN1394,Rapidex enf spray,,,Autre,Comprime,20000,0,Non,3,
PN1395,Rapidex Ad spray,,,Autre,Comprime,20000,0,Non,1,
PN1396,Tobradex cy,,,Autre,Comprime,58000,0,Non,2,
PN1397,Fludol gelule 100,,,Autre,Comprime,10000,0,Non,63,
PN1398,Surdex cp,,,Autre,Comprime,15000,0,Non,17,
PN1399,Vitamine B complexe cp,,,Autre,Comprime,2000,0,Non,336,
PN1400,Philco Multivitamine cp,,,Autre,Comprime,17000,0,Non,2,
PN1401,Rhinicold cp,,,Autre,Comprime,6000,0,Non,7,
PN1402,Galocid 40 cp,,,Autre,Comprime,6000,0,Non,22,
PN1403,Tetracycline creat cp,,,Autre,Comprime,12000,0,Non,12,
PN1404,Philco nitro perf,,,Autre,Comprime,20000,0,Non,10,
PN1405,Philco cipro perf,,,Autre,Comprime,20000,0,Non,11,
PN1406,Philco Para perf,,,Autre,Comprime,30000,0,Non,4,
PN1407,Test HCG Cassette,,,Autre,Comprime,10000,0,Non,122,
PN1408,Paragin inj,,,Autre,Comprime,8000,0,Non,4,
PN1409,Litacold spray,,,Autre,Comprime,70000,0,Non,1,
PN1410,Gentasol,,,Autre,Comprime,20000,0,Non,12,
PN1411,Gastrozol cp 40mg,,,Autre,Comprime,84000,0,Non,4,
PN1412,GAGNERVE P.C.P,,,Autre,Comprime,18100,0,Non,1,
PN1413,Gastrokit cp,,,Autre,Comprime,221000,0,Non,2,
PN1414,Genes Vit plus,,,Autre,Comprime,74000,0,Non,1,
PN1415,Ginkor fort cp,,,Autre,Comprime,127000,0,Non,3,
PN1416,oligobs,,,Autre,Comprime,174000,0,Non,1,
PN1417,parol 500,,,Autre,Comprime,23000,0,Non,3,
PN1418,pepsol cp,,,Autre,Comprime,93000,0,Non,5,
PN1419,pedifen cp,,,Autre,Comprime,37000,0,Non,1,
PN1420,prostalen cp,,,Autre,Comprime,146000,0,Non,1,
PN1421,purgalax cp,,,Autre,Comprime,70000,0,Non,3,
PN1422,prover 400 mg cp,,,Autre,Comprime,11000,0,Non,3,
PN1423,piza DSR cp,,,Autre,Comprime,219000,0,Non,1,
PN1424,pylokit,,,Autre,Comprime,147000,0,Non,3,
PN1425,Glucophage 1000g,,,Autre,Comprime,59000,0,Non,1,
PN1426,Glide M 60/500,,,Autre,Comprime,231000,0,Non,1,
PN1427,Glide M 60/850,,,Autre,Comprime,243000,0,Non,1,
PN1428,Malaren 80/480 B16,,,Autre,Comprime,41000,0,Non,3,
PN1429,Malaren 20/120 B6,,,Autre,Comprime,21000,0,Non,6,
PN1430,Lumaterus B16,,,Autre,Comprime,47000,0,Non,3,
PN1431,Lumaria SP 80/480,,,Autre,Comprime,47000,0,Non,2,
PN1432,Levothyrox 25mg,,,Autre,Comprime,10000,0,Non,3,
PN1433,Levothyroxine 100mg,,,Autre,Comprime,27000,0,Non,2,
PN1434,Levothyrox 100 GH,,,Autre,Comprime,17000,0,Non,2,
PN1435,Lexomil cp,,,Autre,Comprime,82000,0,Non,3,
PN1436,Artehein inj B/6,,,Autre,Comprime,7000,0,Non,97,
PN1437,Diprostene inj,,,Autre,Comprime,79000,0,Non,10,
PN1438,dicaciline 1.2 inj,,,Autre,Comprime,23000,0,Non,5,
PN1439,Dicaciline 2.4 inj,,,Autre,Comprime,29000,0,Non,10,
PN1440,R-Lume inj 80 B/6,,,Autre,Comprime,9500,0,Non,32,
PN1441,Lidocaine 2% Ibu,,,Autre,Comprime,23000,0,Non,6,
PN1442,Aquanate 60mg,,,Autre,Comprime,28000,0,Non,10,
PN1443,Glycovance (Gomme),,,Autre,Comprime,0,0,Non,0,
PN1444,Kilcip forte,,,Autre,Comprime,0,0,Non,0,
PN1445,Inter-02,,,Autre,Comprime,77000,0,Non,2,
PN1446,La forte cp,,,Autre,Comprime,0,0,Non,0,
PN1447,Niglox cp,,,Autre,Comprime,116000,0,Non,2,
PN1448,Nobilil 15mg cp,,,Autre,Comprime,64000,0,Non,4,
PN1449,Nupenta DSR,,,Autre,Comprime,162000,0,Non,1,
PN1450,Nauselib cp,,,Autre,Comprime,0,0,Non,0,
PN1451,Naturex Miel,,,Autre,Comprime,41000,0,Non,1,
PN1452,Naturex Orange,,,Autre,Comprime,43000,0,Non,1,
PN1453,Neber 100g GH,,,Autre,Comprime,19000,0,Non,3,
PN1454,Conceptio Femme,,,Autre,Comprime,217000,0,Non,1,
PN1455,Conceptio Homme,,,Autre,Comprime,417000,0,Non,1,
PN1456,Comsior + 80/480,,,Autre,Comprime,41000,0,Non,2,
PN1457,Misolgan g,,,Autre,Comprime,21000,0,Non,6,
PN1458,Nauselib g,,,Autre,Comprime,57000,0,Non,3,
PN1459,Nofehil 500g,,,Autre,Comprime,11000,0,Non,5,
PN1460,Normix g,,,Autre,Comprime,88000,0,Non,4,
PN1461,NESTEFFER g,,,Autre,Comprime,28000,0,Non,1,
PN1462,Lofnac P g,,,Autre,Comprime,28000,0,Non,2,
PN1463,L-Cartinitine plus,,,Autre,Comprime,127000,0,Non,2,
PN1464,Ixime 200g,,,Autre,Comprime,63000,0,Non,2,
PN1465,Immunoflex N,,,Autre,Comprime,206000,0,Non,1,
PN1466,Lapzol g,,,Autre,Comprime,62000,0,Non,3,
PN1467,Lexodia g,,,Autre,Comprime,58000,0,Non,3,
PN1468,Laroxil 25g,,,Autre,Comprime,71000,0,Non,1,
PN1469,Nospa 80g,,,Autre,Comprime,0,0,Non,0,
PN1470,Quinex 300,,,Autre,Comprime,52000,0,Non,1,
PN1471,Dexeryl sol (Sodipharm),,,Autre,Comprime,64000,0,Non,2,
PN1472,Lactive sol,,,Autre,Comprime,52000,0,Non,1,
PN1473,Bronchodermine pde,,,Autre,Comprime,74000,0,Non,1,
PN1474,Diclowal spray,,,Autre,Comprime,0,0,Non,0,
PN1475,Dynapar 15ml spr,,,Autre,Comprime,52000,0,Non,3,
PN1476,Diprosone pde,,,Autre,Comprime,53000,0,Non,2,
PN1477,Diprosone cr,,,Autre,Comprime,0,0,Non,0,
PN1478,Litacold vapour,,,Autre,Comprime,33000,0,Non,1,
PN1479,L-Mesitran 15g pde,,,Autre,Comprime,42000,0,Non,1,
PN1480,Intimy gel lub,,,Autre,Comprime,74000,0,Non,3,
PN1481,Dynapar Qps 30ml,,,Autre,Comprime,104000,0,Non,3,
PN1482,Mycoster pdre,,,Autre,Comprime,68000,0,Non,2,
PN1483,Rocephin 1g inj IM,,,Autre,Comprime,0,0,Non,0,
PN1484,Levo test,,,Autre,Comprime,0,0,Non,0,
PN1485,Gants steril 7.5 8,,,Autre,Comprime,10000,0,Non,88,
PN1486,Elya Intime,,,Autre,Comprime,57000,0,Non,1,
PN1487,X-Gain,,,Autre,Comprime,100000,0,Non,3,
PN1488,Tramagen inj,,,Autre,Comprime,11000,0,Non,20,
PN1489,Procomil spray,,,Autre,Comprime,143000,0,Non,3,
PN1490,9-Vit inj,,,Autre,Comprime,30000,0,Non,2,
PN1491,Colpotrophine ov,,,Autre,Comprime,99000,0,Non,1,
PN1492,Nifluril enf sup,,,Autre,Comprime,29000,0,Non,2,
PN1493,T-Vagymycine ov,,,Autre,Comprime,75000,0,Non,2,
PN1494,Orrimix ov,,,Autre,Comprime,58000,0,Non,2,
PN1495,Alcool 70% 125ml,,,Autre,Comprime,32000,0,Non,1,
PN1496,Alcool 70% 250 ml,,,Autre,Comprime,48000,0,Non,2,
PN1497,Polyvax ov,,,Autre,Comprime,47000,0,Non,1,
PN1498,Salvatis pdre,,,Autre,Comprime,30000,0,Non,3,
PN1499,Eau oxygene sol,,,Autre,Comprime,28000,0,Non,4,
PN1500,Lacta mousse,,,Autre,Comprime,89000,0,Non,2,
PN1501,Cliptol gel,,,Autre,Comprime,106000,0,Non,2,
PN1502,Burnox crem,,,Autre,Comprime,27000,0,Non,2,
PN1503,Genskin orte crem,,,Autre,Comprime,55000,0,Non,2,
PN1504,Fusimed crem,,,Autre,Comprime,72000,0,Non,2,
PN1505,Siantaler pde,,,Autre,Comprime,22000,0,Non,2,
PN1506,Ceftriax 1g boi,,,Autre,Comprime,69000,0,Non,6,
PN1507,Voltaren Emulgel,,,Autre,Comprime,36000,0,Non,3,
PN1508,Tretienex,,,Autre,Comprime,41000,0,Non,3,
PN1509,Test Bande Pregnancy,,,Autre,Comprime,5000,0,Non,50,
PN1510,Hemafer inj,,,Autre,Comprime,27700,0,Non,2,
PN1511,Gynopen inj,,,Autre,Comprime,10000,0,Non,13,
PN1512,Repral inj,,,Autre,Comprime,25000,0,Non,17,
PN1513,gluconate de calcium,,,Autre,Comprime,12000,0,Non,6,
PN1514,Lyocef plus,,,Autre,Comprime,38000,0,Non,11,
PN1515,Tergynan ov B/10,,,Autre,Comprime,56000,0,Non,3,
PN1516,Bande Nylex 10 cm x 4 m,,,Autre,Comprime,10000,0,Non,17,
PN1517,Daktarin gel,,,Autre,Comprime,98000,0,Non,19,
PN1518,Adna Bain de Bouche,,,Autre,Comprime,45000,0,Non,3,
PN1519,Gumforte gel,,,Autre,Comprime,23000,0,Non,1,
PN1520,Lofnac pde,,,Autre,Comprime,29000,0,Non,3,
PN1521,Micocare gel,,,Autre,Comprime,31000,0,Non,1,
PN1522,Mycoster,,,Autre,Comprime,0,0,Non,0,
PN1523,Tess,,,Autre,Comprime,45000,0,Non,3,
PN1524,Trizole gel,,,Autre,Comprime,47000,0,Non,1,
PN1525,Venosmil pde,,,Autre,Comprime,47000,0,Non,1,
PN1526,Tensoplast 6 cm,,,Autre,Comprime,0,0,Non,0,
PN1527,Tensoplast 8 cm,,,Autre,Comprime,68000,0,Non,2,
PN1528,Tensoplast 10 cm,,,Autre,Comprime,86000,0,Non,1,
PN1529,Mixtard 30,,,Autre,Comprime,57000,0,Non,7,
PN1530,Insulatard,,,Autre,Comprime,84000,0,Non,8,
PN1531,Actrapid,,,Autre,Comprime,77000,0,Non,6,
PN1532,Lacoma Cy,,,Autre,Comprime,0,0,Non,0,
PN1533,Lacoma T,,,Autre,Comprime,197000,0,Non,2,
PN1534,Oxytroy inj,,,Autre,Comprime,28000,0,Non,4,
PN1535,Philco Cipro 100 B/10,,,Autre,Comprime,25000,0,Non,10,
PN1536,Colpotrophine,,,Autre,Comprime,99000,0,Non,1,
PN1537,Gluconate de ca+,,,Autre,Comprime,0,0,Non,0,
PN1538,Naturex Vaporub,,,Autre,Comprime,41000,0,Non,1,
PN1539,Amoxiclav DENK 1g Sh B/8,,,Autre,Comprime,81000,0,Non,3,
PN1540,Amoxiclav 1g DENK Sh B/12,,,Autre,Comprime,114000,0,Non,5,
PN1541,Efferalgan 250mg Sh,,,Autre,Comprime,23000,0,Non,1,
PN1542,Fortrans Sh,,,Autre,Comprime,78000,0,Non,1,
PN1543,SRO Zinc Sh,,,Autre,Comprime,0,0,Non,0,
PN1544,Smecta B/30 Sh,,,Autre,Comprime,75000,0,Non,1,
PN1545,Trebon 200 Sh,,,Autre,Comprime,26000,0,Non,1,
PN1546,Vitamax Cafe B/10 Sh,,,Autre,Comprime,30000,0,Non,22,
PN1547,Sargenor 1f Amp/Buv,,,Autre,Comprime,69000,0,Non,6,
PN1548,Rhumix Sh,,,Autre,Comprime,22000,0,Non,5,
PN1549,Doliprane 500 Sh,,,Autre,Comprime,21000,0,Non,2,
PN1550,Rinogripp SS,,,Autre,Comprime,0,0,Non,0,
PN1551,Saphir 1g B,,,Autre,Comprime,138000,0,Non,1,
PN1552,Smecta Fraise,,,Autre,Comprime,44000,0,Non,1,
PN1553,Soclav 1g B/16,,,Autre,Comprime,141000,0,Non,1,
PN1554,Soclav 500mg B/16,,,Autre,Comprime,114000,0,Non,1,
PN1555,Magnes Denk Sh,,,Autre,Comprime,107000,0,Non,1,
